name,annee
Marathon du lac d'Annecy,2025
Tabasco party,2025
Marathon de Marseille,2025
Marathon de Bordeaux,2025
Marathon de Bordeaux,2025
Marathon de Grenoble,2025
Marathon de Bordeaux,2025
Marathon de Marseille,2026
Marathon de Grenoble,2026
Marathon de Bordeaux,2026
Marathon de Marseille,2026
Marathon de Genève,2026
Marathon de Montpellier,2026
Marathon de Marseille,2026
Marathon de Lyon,2027
Marathon de Paris,2027
Marathon de Marseille,2027
Marathon de Marseille,2027
Marathon de Grenoble,2027
Marathon de Nantes,2027
Marathon de Marseille,2027
Marathon de Nantes,2027
Marathon de Nantes,2028
Marathon de Marseille,2028
Marathon de Bordeaux,2028
Marathon de Montpellier,2028
Marathon de Marseille,2028
Marathon de Marseille,2028
Marathon de Bordeaux,2028
Marathon de Lyon,2028
Marathon de Paris,2028
Marathon de Marseille,2029
Marathon de Montpellier,2029
Marathon de Marseille,2029
Marathon de Genève,2029
Marathon de Nantes,2029
Marathon de Genève,2029
Marathon de Bordeaux,2029
Marathon de Montpellier,2029
Marathon de Lyon,2029
Marathon de Marseille,2029
Marathon de Marseille,2030
Marathon de Lyon,2030
Marathon de Marseille,2030
Marathon de Grenoble,2030
Marathon de Lyon,2030
Marathon de Nantes,2030
Marathon de Marseille,2030
Marathon de Grenoble,2030
Marathon de Marseille,2030
Marathon de Bordeaux,2030
Marathon de Bordeaux,2030
