Année,Pays,Type,Taux annuel
2025,Afrique du Sud,IPC,"3,16 %"
2025,Allemagne,IPC,"2,29 %"
2025,Autriche,IPC,"3,22 %"
2025,Belgique,IPC,"3,82 %"
2025,Brésil,IPC,"4,81 %"
2025,Canada,IPC,"2,27 %"
2025,Chili,IPC,"4,83 %"
2025,Chine,IPC,"-0,14 %"
2025,Corée du Sud,IPC,"2,13 %"
2025,Danemark,IPC,"1,78 %"
2025,Espagne,IPC,"2,95 %"
2025,Estonie,IPC,"4,58 %"
2025,Etats-Unis,IPC,"2,91 %"
2025,Finlande,IPC,"0,57 %"
2025,France,IPC,"1,22 %"
2025,Grèce,IPC,"2,64 %"
2025,Hongrie,IPC,"5,53 %"
2025,Inde,IPC,"3,10 %"
2025,Indonésie,IPC,"0,33 %"
2025,Irlande,IPC,"1,87 %"
2025,Islande,IPC,"4,43 %"
2025,Israël,IPC,"3,66 %"
2025,Italie,IPC,"1,54 %"
2025,Japon,IPC,"3,84 %"
2025,Luxembourg,IPC,"1,82 %"
2025,Mexique,IPC,"3,68 %"
2025,Norvège,IPC,"2,95 %"
2025,Pays-Bas,IPC,"3,56 %"
2025,Pologne,IPC,"5,34 %"
2025,Portugal,IPC,"2,46 %"
2025,Royaume-Uni,IPC,"3,80 %"
2025,Slovaquie,IPC,"3,85 %"
2025,Slovénie,IPC,"1,80 %"
2025,Suède,IPC,"1,11 %"
2025,Suisse,IPC,"0,36 %"
2025,Tchéquie,IPC,"2,77 %"
2025,Turquie,IPC,"40,58 %"
2025,Allemagne,IPCH,"2,68 %"
2025,Autriche,IPCH,"3,42 %"
2025,Belgique,IPCH,"4,39 %"
2025,Danemark,IPCH,"1,73 %"
2025,Espagne,IPCH,"2,89 %"
2025,Estonie,IPCH,"4,44 %"
2025,Europe,IPCH,"2,42 %"
2025,Finlande,IPCH,"1,63 %"
2025,France,IPCH,"1,38 %"
2025,Grèce,IPCH,"3,09 %"
2025,Hongrie,IPCH,"5,69 %"
2025,Irlande,IPCH,"1,57 %"
2025,Islande,IPCH,"3,56 %"
2025,Italie,IPCH,"1,70 %"
2025,Lituanie,IPCH,"3,28 %"
2025,Luxembourg,IPCH,"2,13 %"
2025,Pays-Bas,IPCH,"3,26 %"
2025,Pologne,IPCH,"4,31 %"
2025,Portugal,IPCH,"2,58 %"
2025,Royaume-Uni,IPCH,"2,88 %"
2025,Slovaquie,IPCH,"4,16 %"
2025,Slovénie,IPCH,"2,10 %"
2025,Suède,IPCH,"2,42 %"
2025,Tchéquie,IPCH,"2,86 %"
2025,Turquie,IPCH,"40,64 %"
2025,Not found,IPCH,"3,86 %"
2024,Afrique du Sud,IPC,"4,41 %"
2024,Allemagne,IPC,"2,26 %"
2024,Autriche,IPC,"2,95 %"
2024,Belgique,IPC,"3,14 %"
2024,Brésil,IPC,"4,37 %"
2024,Canada,IPC,"2,39 %"
2024,Chili,IPC,"4,30 %"
2024,Chine,IPC,"0,22 %"
2024,Corée du Sud,IPC,"2,33 %"
2024,Danemark,IPC,"1,37 %"
2024,Espagne,IPC,"2,78 %"
2024,Estonie,IPC,"3,53 %"
2024,Etats-Unis,IPC,"2,95 %"
2024,Finlande,IPC,"1,57 %"
2024,France,IPC,"2,00 %"
2024,Grèce,IPC,"2,74 %"
2024,Hongrie,IPC,"3,70 %"
2024,Inde,IPC,"3,81 %"
2024,Indonésie,IPC,"2,18 %"
2024,Irlande,IPC,"2,13 %"
2024,Islande,IPC,"5,87 %"
2024,Israël,IPC,"3,08 %"
2024,Italie,IPC,"0,98 %"
2024,Japon,IPC,"2,74 %"
2024,Luxembourg,IPC,"2,06 %"
2024,Mexique,IPC,"4,72 %"
2024,Norvège,IPC,"3,16 %"
2024,Pays-Bas,IPC,"3,35 %"
2024,Pologne,IPC,"3,78 %"
2024,Portugal,IPC,"2,42 %"
2024,Royaume-Uni,IPC,"3,28 %"
2024,Russie,IPC,-
2024,Slovaquie,IPC,"2,76 %"
2024,Slovénie,IPC,"1,99 %"
2024,Suède,IPC,"2,86 %"
2024,Suisse,IPC,"1,06 %"
2024,Tchéquie,IPC,"2,44 %"
2024,Turquie,IPC,"60,04 %"
2024,Allemagne,IPCH,"2,49 %"
2024,Autriche,IPCH,"2,93 %"
2024,Belgique,IPCH,"4,32 %"
2024,Danemark,IPCH,"1,27 %"
2024,Espagne,IPCH,"2,87 %"
2024,Estonie,IPCH,"3,74 %"
2024,Europe,IPCH,"2,37 %"
2024,Finlande,IPCH,"0,98 %"
2024,France,IPCH,"2,32 %"
2024,Grèce,IPCH,"3,00 %"
2024,Hongrie,IPCH,"3,72 %"
2024,Irlande,IPCH,"1,34 %"
2024,Islande,IPCH,"4,51 %"
2024,Italie,IPCH,"1,09 %"
2024,Lituanie,IPCH,"0,85 %"
2024,Luxembourg,IPCH,"2,26 %"
2024,Pays-Bas,IPCH,"3,22 %"
2024,Pologne,IPCH,"3,67 %"
2024,Portugal,IPCH,"2,67 %"
2024,Royaume-Uni,IPCH,"2,55 %"
2024,Slovaquie,IPCH,"3,16 %"
2024,Slovénie,IPCH,"2,00 %"
2024,Suède,IPCH,"2,01 %"
2024,Tchéquie,IPCH,"2,68 %"
2024,Turquie,IPCH,"60,08 %"
2024,Not found,IPCH,"2,22 %"
2023,Afrique du Sud,IPC,"6,09 %"
2023,Allemagne,IPC,"5,99 %"
2023,Autriche,IPC,"7,88 %"
2023,Belgique,IPC,"4,11 %"
2023,Brésil,IPC,"4,60 %"
2023,Canada,IPC,"3,89 %"
2023,Chili,IPC,"7,69 %"
2023,Chine,IPC,"0,24 %"
2023,Corée du Sud,IPC,"3,61 %"
2023,Danemark,IPC,"3,37 %"
2023,Espagne,IPC,"3,56 %"
2023,Estonie,IPC,"9,47 %"
2023,Etats-Unis,IPC,"4,14 %"
2023,Finlande,IPC,"6,29 %"
2023,France,IPC,"4,89 %"
2023,Grèce,IPC,"3,50 %"
2023,Hongrie,IPC,"17,60 %"
2023,Inde,IPC,"5,56 %"
2023,Indonésie,IPC,"3,68 %"
2023,Irlande,IPC,"6,36 %"
2023,Islande,IPC,"8,76 %"
2023,Israël,IPC,"4,24 %"
2023,Italie,IPC,"5,72 %"
2023,Japon,IPC,"3,27 %"
2023,Luxembourg,IPC,"3,75 %"
2023,Mexique,IPC,"5,55 %"
2023,Norvège,IPC,"5,54 %"
2023,Pays-Bas,IPC,"3,93 %"
2023,Pologne,IPC,"11,74 %"
2023,Portugal,IPC,"4,38 %"
2023,Royaume-Uni,IPC,"6,84 %"
2023,Slovaquie,IPC,"10,66 %"
2023,Slovénie,IPC,"7,51 %"
2023,Suède,IPC,"8,63 %"
2023,Suisse,IPC,"2,14 %"
2023,Tchéquie,IPC,"10,79 %"
2023,Turquie,IPC,"53,44 %"
2023,Allemagne,IPCH,"6,09 %"
2023,Autriche,IPCH,"7,78 %"
2023,Belgique,IPCH,"2,35 %"
2023,Danemark,IPCH,"3,44 %"
2023,Espagne,IPCH,"3,43 %"
2023,Estonie,IPCH,"9,44 %"
2023,Europe,IPCH,"5,48 %"
2023,Finlande,IPCH,"4,39 %"
2023,France,IPCH,"5,68 %"
2023,Grèce,IPCH,"4,20 %"
2023,Hongrie,IPCH,"17,55 %"
2023,Irlande,IPCH,"5,24 %"
2023,Islande,IPCH,"7,99 %"
2023,Italie,IPCH,"6,02 %"
2023,Lituanie,IPCH,"8,99 %"
2023,Luxembourg,IPCH,"2,95 %"
2023,Pays-Bas,IPCH,"4,22 %"
2023,Pologne,IPCH,"11,01 %"
2023,Portugal,IPCH,"5,33 %"
2023,Royaume-Uni,IPCH,"7,37 %"
2023,Slovaquie,IPCH,"11,09 %"
2023,Slovénie,IPCH,"7,28 %"
2023,Suède,IPCH,"5,98 %"
2023,Tchéquie,IPCH,"12,12 %"
2023,Turquie,IPCH,"53,54 %"
2023,Not found,IPCH,-
2022,Afrique du Sud,IPC,"7,03 %"
2022,Allemagne,IPC,"6,86 %"
2022,Autriche,IPC,"8,52 %"
2022,Belgique,IPC,"9,58 %"
2022,Brésil,IPC,"9,34 %"
2022,Canada,IPC,"6,80 %"
2022,Chili,IPC,"11,61 %"
2022,Chine,IPC,"1,98 %"
2022,Corée du Sud,IPC,"5,09 %"
2022,Danemark,IPC,"7,68 %"
2022,Espagne,IPC,"8,40 %"
2022,Estonie,IPC,"19,33 %"
2022,Etats-Unis,IPC,"8,01 %"
2022,Finlande,IPC,"7,11 %"
2022,France,IPC,"5,22 %"
2022,Grèce,IPC,"9,65 %"
2022,Hongrie,IPC,"14,50 %"
2022,Inde,IPC,"5,90 %"
2022,Indonésie,IPC,"4,21 %"
2022,Irlande,IPC,"7,79 %"
2022,Islande,IPC,"8,29 %"
2022,Israël,IPC,"4,39 %"
2022,Italie,IPC,"8,18 %"
2022,Japon,IPC,"2,50 %"
2022,Luxembourg,IPC,"6,34 %"
2022,Mexique,IPC,"7,89 %"
2022,Norvège,IPC,"5,75 %"
2022,Pays-Bas,IPC,"9,98 %"
2022,Pologne,IPC,"14,37 %"
2022,Portugal,IPC,"7,81 %"
2022,Royaume-Uni,IPC,"7,90 %"
2022,Russie,IPC,"11,53 %"
2022,Slovaquie,IPC,"12,73 %"
2022,Slovénie,IPC,"8,80 %"
2022,Suède,IPC,"8,34 %"
2022,Suisse,IPC,"2,83 %"
2022,Tchéquie,IPC,"15,07 %"
2022,Turquie,IPC,"71,98 %"
2022,Allemagne,IPCH,"8,64 %"
2022,Autriche,IPCH,"8,59 %"
2022,Belgique,IPCH,"10,32 %"
2022,Danemark,IPCH,"8,51 %"
2022,Espagne,IPCH,"8,33 %"
2022,Estonie,IPCH,"19,37 %"
2022,Europe,IPCH,"8,38 %"
2022,Finlande,IPCH,"7,16 %"
2022,France,IPCH,"5,90 %"
2022,Grèce,IPCH,"9,29 %"
2022,Hongrie,IPCH,"15,16 %"
2022,Irlande,IPCH,"8,05 %"
2022,Islande,IPCH,"5,72 %"
2022,Italie,IPCH,"8,70 %"
2022,Lituanie,IPCH,"18,78 %"
2022,Luxembourg,IPCH,"8,15 %"
2022,Pays-Bas,IPCH,"11,61 %"
2022,Pologne,IPCH,"13,15 %"
2022,Portugal,IPCH,"8,08 %"
2022,Royaume-Uni,IPCH,"9,03 %"
2022,Slovaquie,IPCH,"12,09 %"
2022,Slovénie,IPCH,"9,29 %"
2022,Suède,IPCH,"8,04 %"
2022,Tchéquie,IPCH,"14,79 %"
2022,Turquie,IPCH,"71,96 %"
2021,Afrique du Sud,IPC,"4,61 %"
2021,Allemagne,IPC,"3,07 %"
2021,Autriche,IPC,"2,76 %"
2021,Belgique,IPC,"2,44 %"
2021,Brésil,IPC,"8,28 %"
2021,Canada,IPC,"3,39 %"
2021,Chili,IPC,"4,51 %"
2021,Chine,IPC,"0,99 %"
2021,Corée du Sud,IPC,"2,50 %"
2021,Danemark,IPC,"1,85 %"
2021,Espagne,IPC,"3,09 %"
2021,Estonie,IPC,"4,66 %"
2021,Etats-Unis,IPC,"4,69 %"
2021,Finlande,IPC,"2,19 %"
2021,France,IPC,"1,64 %"
2021,Grèce,IPC,"1,23 %"
2021,Hongrie,IPC,"5,10 %"
2021,Inde,IPC,"4,89 %"
2021,Indonésie,IPC,"1,56 %"
2021,Irlande,IPC,"2,37 %"
2021,Islande,IPC,"4,44 %"
2021,Israël,IPC,"1,51 %"
2021,Italie,IPC,"1,88 %"
2021,Japon,IPC,"-0,23 %"
2021,Luxembourg,IPC,"2,53 %"
2021,Mexique,IPC,"5,68 %"
2021,Norvège,IPC,"3,48 %"
2021,Pays-Bas,IPC,"2,67 %"
2021,Pologne,IPC,"5,05 %"
2021,Portugal,IPC,"1,27 %"
2021,Royaume-Uni,IPC,"2,52 %"
2021,Russie,IPC,"6,68 %"
2021,Slovaquie,IPC,"3,15 %"
2021,Slovénie,IPC,"1,92 %"
2021,Suède,IPC,"2,16 %"
2021,Suisse,IPC,"0,58 %"
2021,Tchéquie,IPC,"3,84 %"
2021,Turquie,IPC,"19,43 %"
2021,Allemagne,IPCH,"3,22 %"
2021,Autriche,IPCH,"2,76 %"
2021,Belgique,IPCH,"3,22 %"
2021,Danemark,IPCH,"1,94 %"
2021,Espagne,IPCH,"3,01 %"
2021,Estonie,IPCH,"4,49 %"
2021,Europe,IPCH,"2,59 %"
2021,Finlande,IPCH,"2,07 %"
2021,France,IPCH,"2,07 %"
2021,Grèce,IPCH,"0,59 %"
2021,Hongrie,IPCH,"5,20 %"
2021,Irlande,IPCH,"2,43 %"
2021,Islande,IPCH,"3,67 %"
2021,Italie,IPCH,"1,94 %"
2021,Lituanie,IPCH,"4,63 %"
2021,Luxembourg,IPCH,"3,48 %"
2021,Pays-Bas,IPCH,"2,82 %"
2021,Pologne,IPCH,"5,22 %"
2021,Portugal,IPCH,"0,94 %"
2021,Royaume-Uni,IPCH,"2,58 %"
2021,Slovaquie,IPCH,"2,82 %"
2021,Slovénie,IPCH,"2,05 %"
2021,Suède,IPCH,"2,65 %"
2021,Tchéquie,IPCH,"3,31 %"
2021,Turquie,IPCH,"19,42 %"
2020,Afrique du Sud,IPC,"3,22 %"
2020,Allemagne,IPC,"0,15 %"
2020,Autriche,IPC,"1,38 %"
2020,Belgique,IPC,"0,74 %"
2020,Brésil,IPC,"3,21 %"
2020,Canada,IPC,"0,72 %"
2020,Chili,IPC,"3,05 %"
2020,Chine,IPC,"2,44 %"
2020,Corée du Sud,IPC,"0,54 %"
2020,Danemark,IPC,"0,42 %"
2020,Espagne,IPC,"-0,32 %"
2020,Estonie,IPC,"-0,43 %"
2020,Etats-Unis,IPC,"1,24 %"
2020,Finlande,IPC,"0,29 %"
2020,France,IPC,"0,48 %"
2020,Grèce,IPC,"-1,24 %"
2020,Hongrie,IPC,"3,33 %"
2020,Inde,IPC,"5,58 %"
2020,Indonésie,IPC,"1,93 %"
2020,Irlande,IPC,"-0,33 %"
2020,Islande,IPC,"2,84 %"
2020,Israël,IPC,"-0,61 %"
2020,Italie,IPC,"-0,14 %"
2020,Japon,IPC,"-0,02 %"
2020,Luxembourg,IPC,"0,82 %"
2020,Mexique,IPC,"3,40 %"
2020,Norvège,IPC,"1,29 %"
2020,Pays-Bas,IPC,"1,27 %"
2020,Pologne,IPC,"3,38 %"
2020,Portugal,IPC,"-0,01 %"
2020,Royaume-Uni,IPC,"0,99 %"
2020,Russie,IPC,"3,38 %"
2020,Slovaquie,IPC,"1,94 %"
2020,Slovénie,IPC,"-0,05 %"
2020,Suède,IPC,"0,50 %"
2020,Suisse,IPC,"-0,72 %"
2020,Tchéquie,IPC,"3,16 %"
2020,Turquie,IPC,"12,26 %"
2020,Allemagne,IPCH,"0,38 %"
2020,Autriche,IPCH,"1,39 %"
2020,Belgique,IPCH,"0,43 %"
2020,Danemark,IPCH,"0,33 %"
2020,Espagne,IPCH,"-0,33 %"
2020,Estonie,IPCH,"-0,62 %"
2020,Europe,IPCH,"0,26 %"
2020,Finlande,IPCH,"0,38 %"
2020,France,IPCH,"0,53 %"
2020,Grèce,IPCH,"-1,26 %"
2020,Hongrie,IPCH,"3,38 %"
2020,Irlande,IPCH,"-0,46 %"
2020,Islande,IPCH,"1,19 %"
2020,Italie,IPCH,"-0,14 %"
2020,Lituanie,IPCH,"1,07 %"
2020,Luxembourg,IPCH,"0,01 %"
2020,Pays-Bas,IPCH,"1,11 %"
2020,Pologne,IPCH,"3,66 %"
2020,Portugal,IPCH,"-0,12 %"
2020,Royaume-Uni,IPCH,"0,88 %"
2020,Slovaquie,IPCH,"2,02 %"
2020,Slovénie,IPCH,"-0,26 %"
2020,Suède,IPCH,"0,66 %"
2020,Tchéquie,IPCH,"3,28 %"
2020,Turquie,IPCH,"12,26 %"
2019,Afrique du Sud,IPC,"4,12 %"
2019,Allemagne,IPC,"1,45 %"
2019,Autriche,IPC,"1,53 %"
2019,Belgique,IPC,"1,44 %"
2019,Brésil,IPC,"3,74 %"
2019,Canada,IPC,"1,95 %"
2019,Chili,IPC,"2,56 %"
2019,Chine,IPC,"2,90 %"
2019,Corée du Sud,IPC,"0,38 %"
2019,Danemark,IPC,"0,76 %"
2019,Espagne,IPC,"0,70 %"
2019,Estonie,IPC,"2,28 %"
2019,Etats-Unis,IPC,"1,81 %"
2019,Finlande,IPC,"1,02 %"
2019,France,IPC,"1,11 %"
2019,Grèce,IPC,"0,26 %"
2019,Hongrie,IPC,"3,34 %"
2019,Inde,IPC,"7,66 %"
2019,Indonésie,IPC,"3,03 %"
2019,Irlande,IPC,"0,94 %"
2019,Islande,IPC,"3,02 %"
2019,Israël,IPC,"0,85 %"
2019,Italie,IPC,"0,61 %"
2019,Japon,IPC,"0,47 %"
2019,Luxembourg,IPC,"1,75 %"
2019,Mexique,IPC,"3,64 %"
2019,Norvège,IPC,"2,17 %"
2019,Pays-Bas,IPC,"2,63 %"
2019,Pologne,IPC,"2,23 %"
2019,Portugal,IPC,"0,34 %"
2019,Royaume-Uni,IPC,"1,74 %"
2019,Russie,IPC,"4,48 %"
2019,Slovaquie,IPC,"2,66 %"
2019,Slovénie,IPC,"1,63 %"
2019,Suède,IPC,"1,79 %"
2019,Suisse,IPC,"0,36 %"
2019,Tchéquie,IPC,"2,85 %"
2019,Turquie,IPC,"15,46 %"
2019,Allemagne,IPCH,"1,36 %"
2019,Autriche,IPCH,"1,49 %"
2019,Belgique,IPCH,"1,25 %"
2019,Danemark,IPCH,"0,73 %"
2019,Espagne,IPCH,"0,78 %"
2019,Estonie,IPCH,"2,27 %"
2019,Europe,IPCH,"1,20 %"
2019,Finlande,IPCH,"1,14 %"
2019,France,IPCH,"1,30 %"
2019,Grèce,IPCH,"0,52 %"
2019,Hongrie,IPCH,"3,42 %"
2019,Irlande,IPCH,"0,88 %"
2019,Islande,IPCH,"2,00 %"
2019,Italie,IPCH,"0,64 %"
2019,Lituanie,IPCH,"2,24 %"
2019,Luxembourg,IPCH,"1,65 %"
2019,Pays-Bas,IPCH,"2,67 %"
2019,Pologne,IPCH,"2,13 %"
2019,Portugal,IPCH,"0,30 %"
2019,Royaume-Uni,IPCH,"1,78 %"
2019,Slovaquie,IPCH,"2,77 %"
2019,Slovénie,IPCH,"1,69 %"
2019,Suède,IPCH,"1,72 %"
2019,Tchéquie,IPCH,"2,58 %"
2019,Turquie,IPCH,"15,47 %"
2018,Afrique du Sud,IPC,"4,51 %"
2018,Allemagne,IPC,"1,73 %"
2018,Autriche,IPC,"2,00 %"
2018,Belgique,IPC,"2,05 %"
2018,Brésil,IPC,"3,66 %"
2018,Canada,IPC,"2,27 %"
2018,Chili,IPC,"2,43 %"
2018,Chine,IPC,"2,07 %"
2018,Corée du Sud,IPC,"1,48 %"
2018,Danemark,IPC,"0,81 %"
2018,Espagne,IPC,"1,67 %"
2018,Estonie,IPC,"3,44 %"
2018,Etats-Unis,IPC,"2,44 %"
2018,Finlande,IPC,"1,08 %"
2018,France,IPC,"1,85 %"
2018,Grèce,IPC,"0,62 %"
2018,Hongrie,IPC,"2,85 %"
2018,Inde,IPC,"4,85 %"
2018,Indonésie,IPC,"3,20 %"
2018,Irlande,IPC,"0,49 %"
2018,Islande,IPC,"2,68 %"
2018,Israël,IPC,"0,79 %"
2018,Italie,IPC,"1,14 %"
2018,Japon,IPC,"0,99 %"
2018,Luxembourg,IPC,"1,53 %"
2018,Mexique,IPC,"4,90 %"
2018,Norvège,IPC,"2,76 %"
2018,Pays-Bas,IPC,"1,70 %"
2018,Pologne,IPC,"1,81 %"
2018,Portugal,IPC,"0,99 %"
2018,Royaume-Uni,IPC,"2,29 %"
2018,Russie,IPC,"2,88 %"
2018,Slovaquie,IPC,"2,51 %"
2018,Slovénie,IPC,"1,74 %"
2018,Suède,IPC,"1,95 %"
2018,Suisse,IPC,"0,94 %"
2018,Tchéquie,IPC,"2,15 %"
2018,Turquie,IPC,"16,22 %"
2018,Allemagne,IPCH,"1,93 %"
2018,Autriche,IPCH,"2,12 %"
2018,Belgique,IPCH,"2,31 %"
2018,Danemark,IPCH,"0,71 %"
2018,Espagne,IPCH,"1,73 %"
2018,Estonie,IPCH,"3,41 %"
2018,Europe,IPCH,"1,75 %"
2018,Finlande,IPCH,"1,17 %"
2018,France,IPCH,"2,10 %"
2018,Grèce,IPCH,"0,77 %"
2018,Hongrie,IPCH,"2,91 %"
2018,Irlande,IPCH,"0,72 %"
2018,Islande,IPCH,"0,74 %"
2018,Italie,IPCH,"1,24 %"
2018,Lituanie,IPCH,"2,54 %"
2018,Luxembourg,IPCH,"2,01 %"
2018,Pays-Bas,IPCH,"1,60 %"
2018,Pologne,IPCH,"1,18 %"
2018,Portugal,IPCH,"1,17 %"
2018,Royaume-Uni,IPCH,"2,48 %"
2018,Slovaquie,IPCH,"2,53 %"
2018,Slovénie,IPCH,"1,93 %"
2018,Suède,IPCH,"2,03 %"
2018,Tchéquie,IPCH,"1,96 %"
2018,Turquie,IPCH,"16,23 %"
2017,Afrique du Sud,IPC,"5,20 %"
2017,Allemagne,IPC,"1,51 %"
2017,Autriche,IPC,"2,08 %"
2017,Belgique,IPC,"2,13 %"
2017,Brésil,IPC,"3,46 %"
2017,Canada,IPC,"1,60 %"
2017,Chili,IPC,"2,19 %"
2017,Chine,IPC,"1,59 %"
2017,Corée du Sud,IPC,"1,95 %"
2017,Danemark,IPC,"1,15 %"
2017,Espagne,IPC,"1,96 %"
2017,Estonie,IPC,"3,42 %"
2017,Etats-Unis,IPC,"2,13 %"
2017,Finlande,IPC,"0,75 %"
2017,France,IPC,"1,03 %"
2017,Grèce,IPC,"1,12 %"
2017,Hongrie,IPC,"2,35 %"
2017,Inde,IPC,"2,49 %"
2017,Indonésie,IPC,"3,81 %"
2017,Irlande,IPC,"0,34 %"
2017,Islande,IPC,"1,76 %"
2017,Israël,IPC,"0,26 %"
2017,Italie,IPC,"1,23 %"
2017,Japon,IPC,"0,48 %"
2017,Luxembourg,IPC,"1,73 %"
2017,Mexique,IPC,"6,04 %"
2017,Norvège,IPC,"1,88 %"
2017,Pays-Bas,IPC,"1,38 %"
2017,Pologne,IPC,"2,08 %"
2017,Portugal,IPC,"1,37 %"
2017,Royaume-Uni,IPC,"2,56 %"
2017,Russie,IPC,"3,69 %"
2017,Slovaquie,IPC,"1,31 %"
2017,Slovénie,IPC,"1,43 %"
2017,Suède,IPC,"1,79 %"
2017,Suisse,IPC,"0,53 %"
2017,Tchéquie,IPC,"2,45 %"
2017,Turquie,IPC,"11,13 %"
2017,Allemagne,IPCH,"1,70 %"
2017,Autriche,IPCH,"2,23 %"
2017,Belgique,IPCH,"2,23 %"
2017,Danemark,IPCH,"1,06 %"
2017,Espagne,IPCH,"2,04 %"
2017,Estonie,IPCH,"3,65 %"
2017,Europe,IPCH,"1,54 %"
2017,Finlande,IPCH,"0,84 %"
2017,France,IPCH,"1,16 %"
2017,Grèce,IPCH,"1,14 %"
2017,Hongrie,IPCH,"2,39 %"
2017,Irlande,IPCH,"0,26 %"
2017,Islande,IPCH,"-1,64 %"
2017,Italie,IPCH,"1,33 %"
2017,Lituanie,IPCH,"3,72 %"
2017,Luxembourg,IPCH,"2,11 %"
2017,Pays-Bas,IPCH,"1,29 %"
2017,Pologne,IPCH,"1,62 %"
2017,Portugal,IPCH,"1,56 %"
2017,Royaume-Uni,IPCH,"2,69 %"
2017,Slovaquie,IPCH,"1,39 %"
2017,Slovénie,IPCH,"1,56 %"
2017,Suède,IPCH,"1,87 %"
2017,Tchéquie,IPCH,"2,43 %"
2017,Turquie,IPCH,"11,11 %"
2016,Afrique du Sud,IPC,"6,57 %"
2016,Allemagne,IPC,"0,49 %"
2016,Autriche,IPC,"0,89 %"
2016,Belgique,IPC,"1,97 %"
2016,Brésil,IPC,"8,77 %"
2016,Canada,IPC,"1,43 %"
2016,Chili,IPC,"3,80 %"
2016,Chine,IPC,"2,00 %"
2016,Corée du Sud,IPC,"0,97 %"
2016,Danemark,IPC,"0,25 %"
2016,Espagne,IPC,"-0,20 %"
2016,Estonie,IPC,"0,15 %"
2016,Etats-Unis,IPC,"1,26 %"
2016,Finlande,IPC,"0,36 %"
2016,France,IPC,"0,18 %"
2016,Grèce,IPC,"-0,82 %"
2016,Hongrie,IPC,"0,40 %"
2016,Inde,IPC,"4,97 %"
2016,Indonésie,IPC,"3,53 %"
2016,Irlande,IPC,"0,01 %"
2016,Islande,IPC,"1,70 %"
2016,Israël,IPC,"-0,55 %"
2016,Italie,IPC,"-0,09 %"
2016,Japon,IPC,"-0,13 %"
2016,Luxembourg,IPC,"0,29 %"
2016,Mexique,IPC,"2,82 %"
2016,Norvège,IPC,"3,55 %"
2016,Pays-Bas,IPC,"0,32 %"
2016,Pologne,IPC,"-0,66 %"
2016,Portugal,IPC,"0,61 %"
2016,Royaume-Uni,IPC,"1,01 %"
2016,Russie,IPC,"7,07 %"
2016,Slovaquie,IPC,"-0,52 %"
2016,Slovénie,IPC,"-0,06 %"
2016,Suède,IPC,"0,98 %"
2016,Suisse,IPC,"-0,43 %"
2016,Tchéquie,IPC,"0,68 %"
2016,Turquie,IPC,"7,78 %"
2016,Allemagne,IPCH,"0,37 %"
2016,Autriche,IPCH,"0,97 %"
2016,Belgique,IPCH,"1,77 %"
2016,Danemark,IPCH,"0,02 %"
2016,Espagne,IPCH,"-0,34 %"
2016,Estonie,IPCH,"0,80 %"
2016,Europe,IPCH,"0,23 %"
2016,Finlande,IPCH,"0,39 %"
2016,France,IPCH,"0,31 %"
2016,Grèce,IPCH,"0,01 %"
2016,Hongrie,IPCH,"0,45 %"
2016,Irlande,IPCH,"-0,21 %"
2016,Islande,IPCH,"0,79 %"
2016,Italie,IPCH,"-0,05 %"
2016,Lituanie,IPCH,"0,68 %"
2016,Luxembourg,IPCH,"0,04 %"
2016,Pays-Bas,IPCH,"0,11 %"
2016,Pologne,IPCH,"-0,19 %"
2016,Portugal,IPCH,"0,64 %"
2016,Royaume-Uni,IPCH,"0,64 %"
2016,Slovaquie,IPCH,"-0,48 %"
2016,Slovénie,IPCH,"-0,15 %"
2016,Suède,IPCH,"1,14 %"
2016,Tchéquie,IPCH,"0,65 %"
2016,Turquie,IPCH,"7,66 %"
2015,Afrique du Sud,IPC,"4,54 %"
2015,Allemagne,IPC,"0,51 %"
2015,Autriche,IPC,"0,90 %"
2015,Belgique,IPC,"0,56 %"
2015,Brésil,IPC,"9,01 %"
2015,Canada,IPC,"1,13 %"
2015,Chili,IPC,"4,35 %"
2015,Chine,IPC,"1,44 %"
2015,Corée du Sud,IPC,"0,71 %"
2015,Danemark,IPC,"0,45 %"
2015,Espagne,IPC,"-0,50 %"
2015,Estonie,IPC,"-0,49 %"
2015,Etats-Unis,IPC,"0,12 %"
2015,Finlande,IPC,"-0,21 %"
2015,France,IPC,"0,04 %"
2015,Grèce,IPC,"-1,73 %"
2015,Hongrie,IPC,"-0,06 %"
2015,Inde,IPC,"5,88 %"
2015,Indonésie,IPC,"6,38 %"
2015,Irlande,IPC,"-0,29 %"
2015,Islande,IPC,"1,63 %"
2015,Israël,IPC,"-0,60 %"
2015,Italie,IPC,"0,04 %"
2015,Japon,IPC,"0,81 %"
2015,Luxembourg,IPC,"0,47 %"
2015,Mexique,IPC,"2,72 %"
2015,Norvège,IPC,"2,17 %"
2015,Pays-Bas,IPC,"0,60 %"
2015,Pologne,IPC,"-0,87 %"
2015,Portugal,IPC,"0,49 %"
2015,Royaume-Uni,IPC,"0,37 %"
2015,Russie,IPC,"15,55 %"
2015,Slovaquie,IPC,"-0,33 %"
2015,Slovénie,IPC,"-0,53 %"
2015,Suède,IPC,"-0,05 %"
2015,Suisse,IPC,"-1,14 %"
2015,Tchéquie,IPC,"0,31 %"
2015,Turquie,IPC,"7,67 %"
2015,Allemagne,IPCH,"0,68 %"
2015,Autriche,IPCH,"0,80 %"
2015,Belgique,IPCH,"0,62 %"
2015,Danemark,IPCH,"0,23 %"
2015,Espagne,IPCH,"-0,63 %"
2015,Estonie,IPCH,"0,07 %"
2015,Europe,IPCH,"0,03 %"
2015,Finlande,IPCH,"-0,16 %"
2015,France,IPCH,"0,09 %"
2015,Grèce,IPCH,"-1,09 %"
2015,Hongrie,IPCH,"0,06 %"
2015,Irlande,IPCH,"-0,03 %"
2015,Islande,IPCH,"0,26 %"
2015,Italie,IPCH,"0,11 %"
2015,Lituanie,IPCH,"-0,68 %"
2015,Luxembourg,IPCH,"0,06 %"
2015,Pays-Bas,IPCH,"0,21 %"
2015,Pologne,IPCH,"-0,69 %"
2015,Portugal,IPCH,"0,51 %"
2015,Royaume-Uni,IPCH,"0,05 %"
2015,Slovaquie,IPCH,"-0,34 %"
2015,Slovénie,IPCH,"-0,76 %"
2015,Suède,IPCH,"0,70 %"
2015,Tchéquie,IPCH,"0,26 %"
2015,Turquie,IPCH,"7,74 %"
2014,Afrique du Sud,IPC,"6,13 %"
2014,Allemagne,IPC,"0,91 %"
2014,Autriche,IPC,"1,61 %"
2014,Belgique,IPC,"0,34 %"
2014,Brésil,IPC,"6,33 %"
2014,Canada,IPC,"1,91 %"
2014,Chili,IPC,"4,71 %"
2014,Chine,IPC,"1,92 %"
2014,Corée du Sud,IPC,"1,28 %"
2014,Danemark,IPC,"0,56 %"
2014,Espagne,IPC,"-0,15 %"
2014,Estonie,IPC,"-0,10 %"
2014,Etats-Unis,IPC,"1,62 %"
2014,Finlande,IPC,"1,04 %"
2014,France,IPC,"0,51 %"
2014,Grèce,IPC,"-1,31 %"
2014,Hongrie,IPC,"-0,23 %"
2014,Inde,IPC,"6,37 %"
2014,Indonésie,IPC,"6,42 %"
2014,Irlande,IPC,"0,18 %"
2014,Islande,IPC,"2,05 %"
2014,Israël,IPC,"0,49 %"
2014,Italie,IPC,"0,24 %"
2014,Japon,IPC,"2,76 %"
2014,Luxembourg,IPC,"0,63 %"
2014,Mexique,IPC,"4,02 %"
2014,Norvège,IPC,"2,04 %"
2014,Pays-Bas,IPC,"0,98 %"
2014,Pologne,IPC,"0,05 %"
2014,Portugal,IPC,"-0,28 %"
2014,Royaume-Uni,IPC,"1,45 %"
2014,Russie,IPC,"7,80 %"
2014,Slovaquie,IPC,"-0,08 %"
2014,Slovénie,IPC,"0,20 %"
2014,Suède,IPC,"-0,18 %"
2014,Suisse,IPC,"-0,01 %"
2014,Tchéquie,IPC,"0,34 %"
2014,Turquie,IPC,"8,85 %"
2014,Allemagne,IPCH,"0,77 %"
2014,Autriche,IPCH,"1,46 %"
2014,Belgique,IPCH,"0,49 %"
2014,Danemark,IPCH,"0,35 %"
2014,Espagne,IPCH,"-0,19 %"
2014,Estonie,IPCH,"0,48 %"
2014,Europe,IPCH,"0,43 %"
2014,Finlande,IPCH,"1,21 %"
2014,France,IPCH,"0,61 %"
2014,Grèce,IPCH,"-1,39 %"
2014,Hongrie,IPCH,"0,02 %"
2014,Irlande,IPCH,"0,30 %"
2014,Islande,IPCH,"0,99 %"
2014,Italie,IPCH,"0,23 %"
2014,Lituanie,IPCH,"0,24 %"
2014,Luxembourg,IPCH,"0,70 %"
2014,Pays-Bas,IPCH,"0,32 %"
2014,Pologne,IPCH,"0,08 %"
2014,Portugal,IPCH,"-0,16 %"
2014,Royaume-Uni,IPCH,"1,47 %"
2014,Slovaquie,IPCH,"-0,10 %"
2014,Slovénie,IPCH,"0,37 %"
2014,Suède,IPCH,"0,21 %"
2014,Tchéquie,IPCH,"0,41 %"
2014,Turquie,IPCH,"8,91 %"
2013,Afrique du Sud,IPC,"5,79 %"
2013,Allemagne,IPC,"1,51 %"
2013,Autriche,IPC,"2,00 %"
2013,Belgique,IPC,"1,11 %"
2013,Brésil,IPC,"6,21 %"
2013,Canada,IPC,"0,94 %"
2013,Chili,IPC,"1,79 %"
2013,Chine,IPC,"2,62 %"
2013,Corée du Sud,IPC,"1,30 %"
2013,Danemark,IPC,"0,79 %"
2013,Espagne,IPC,"1,42 %"
2013,Estonie,IPC,"2,79 %"
2013,Etats-Unis,IPC,"1,47 %"
2013,Finlande,IPC,"1,48 %"
2013,France,IPC,"0,86 %"
2013,Grèce,IPC,"-0,92 %"
2013,Hongrie,IPC,"1,74 %"
2013,Inde,IPC,"10,92 %"
2013,Indonésie,IPC,"6,40 %"
2013,Irlande,IPC,"0,51 %"
2013,Islande,IPC,"3,87 %"
2013,Israël,IPC,"1,57 %"
2013,Italie,IPC,"1,22 %"
2013,Japon,IPC,"0,34 %"
2013,Luxembourg,IPC,"1,74 %"
2013,Mexique,IPC,"3,81 %"
2013,Norvège,IPC,"2,12 %"
2013,Pays-Bas,IPC,"2,51 %"
2013,Pologne,IPC,"0,99 %"
2013,Portugal,IPC,"0,27 %"
2013,Royaume-Uni,IPC,"2,29 %"
2013,Russie,IPC,"6,76 %"
2013,Slovaquie,IPC,"1,40 %"
2013,Slovénie,IPC,"1,77 %"
2013,Suède,IPC,"-0,04 %"
2013,Suisse,IPC,"-0,22 %"
2013,Tchéquie,IPC,"1,44 %"
2013,Turquie,IPC,"7,49 %"
2013,Allemagne,IPCH,"1,61 %"
2013,Autriche,IPCH,"2,12 %"
2013,Belgique,IPCH,"1,25 %"
2013,Danemark,IPCH,"0,52 %"
2013,Espagne,IPCH,"1,54 %"
2013,Estonie,IPCH,"3,25 %"
2013,Europe,IPCH,"1,35 %"
2013,Finlande,IPCH,"2,22 %"
2013,France,IPCH,"0,99 %"
2013,Grèce,IPCH,"-0,85 %"
2013,Hongrie,IPCH,"1,71 %"
2013,Irlande,IPCH,"0,53 %"
2013,Islande,IPCH,"4,15 %"
2013,Italie,IPCH,"1,25 %"
2013,Lituanie,IPCH,"1,17 %"
2013,Luxembourg,IPCH,"1,70 %"
2013,Pays-Bas,IPCH,"2,57 %"
2013,Pologne,IPCH,"0,82 %"
2013,Portugal,IPCH,"0,44 %"
2013,Royaume-Uni,IPCH,"2,57 %"
2013,Slovaquie,IPCH,"1,47 %"
2013,Slovénie,IPCH,"1,94 %"
2013,Suède,IPCH,"0,44 %"
2013,Tchéquie,IPCH,"1,40 %"
2013,Turquie,IPCH,"7,45 %"
2012,Afrique du Sud,IPC,"5,73 %"
2012,Allemagne,IPC,"2,01 %"
2012,Autriche,IPC,"2,49 %"
2012,Belgique,IPC,"2,84 %"
2012,Brésil,IPC,"5,40 %"
2012,Canada,IPC,"1,52 %"
2012,Chili,IPC,"3,02 %"
2012,Chine,IPC,"2,63 %"
2012,Corée du Sud,IPC,"2,19 %"
2012,Danemark,IPC,"2,40 %"
2012,Espagne,IPC,"2,44 %"
2012,Estonie,IPC,"3,94 %"
2012,Etats-Unis,IPC,"2,07 %"
2012,Finlande,IPC,"2,81 %"
2012,France,IPC,"1,96 %"
2012,Grèce,IPC,"1,51 %"
2012,Hongrie,IPC,"5,65 %"
2012,Inde,IPC,"9,30 %"
2012,Indonésie,IPC,"4,28 %"
2012,Irlande,IPC,"1,70 %"
2012,Islande,IPC,"5,20 %"
2012,Israël,IPC,"1,68 %"
2012,Italie,IPC,"3,04 %"
2012,Japon,IPC,"-0,04 %"
2012,Luxembourg,IPC,"2,66 %"
2012,Mexique,IPC,"4,11 %"
2012,Norvège,IPC,"0,70 %"
2012,Pays-Bas,IPC,"2,46 %"
2012,Pologne,IPC,"3,56 %"
2012,Portugal,IPC,"2,78 %"
2012,Royaume-Uni,IPC,"2,58 %"
2012,Russie,IPC,"5,07 %"
2012,Slovaquie,IPC,"3,61 %"
2012,Slovénie,IPC,"2,60 %"
2012,Suède,IPC,"0,89 %"
2012,Suisse,IPC,"-0,69 %"
2012,Tchéquie,IPC,"3,29 %"
2012,Turquie,IPC,"8,94 %"
2012,Allemagne,IPCH,"2,16 %"
2012,Autriche,IPCH,"2,57 %"
2012,Belgique,IPCH,"2,63 %"
2012,Danemark,IPCH,"2,36 %"
2012,Espagne,IPCH,"2,43 %"
2012,Estonie,IPCH,"4,22 %"
2012,Europe,IPCH,"2,50 %"
2012,Finlande,IPCH,"3,16 %"
2012,France,IPCH,"2,22 %"
2012,Grèce,IPCH,"1,04 %"
2012,Hongrie,IPCH,"5,66 %"
2012,Irlande,IPCH,"1,90 %"
2012,Islande,IPCH,"6,02 %"
2012,Italie,IPCH,"3,32 %"
2012,Lituanie,IPCH,"3,17 %"
2012,Luxembourg,IPCH,"2,89 %"
2012,Pays-Bas,IPCH,"2,82 %"
2012,Pologne,IPCH,"3,68 %"
2012,Portugal,IPCH,"2,78 %"
2012,Royaume-Uni,IPCH,"2,80 %"
2012,Slovaquie,IPCH,"3,74 %"
2012,Slovénie,IPCH,"2,81 %"
2012,Suède,IPCH,"0,94 %"
2012,Tchéquie,IPCH,"3,53 %"
2012,Turquie,IPCH,"9,00 %"
2011,Afrique du Sud,IPC,"4,99 %"
2011,Allemagne,IPC,"2,07 %"
2011,Autriche,IPC,"3,29 %"
2011,Belgique,IPC,"3,53 %"
2011,Brésil,IPC,"6,63 %"
2011,Canada,IPC,"2,91 %"
2011,Chili,IPC,"3,34 %"
2011,Chine,IPC,"5,56 %"
2011,Corée du Sud,IPC,"4,03 %"
2011,Danemark,IPC,"2,76 %"
2011,Espagne,IPC,"3,20 %"
2011,Estonie,IPC,"4,99 %"
2011,Etats-Unis,IPC,"3,16 %"
2011,Finlande,IPC,"3,42 %"
2011,France,IPC,"2,11 %"
2011,Grèce,IPC,"3,34 %"
2011,Hongrie,IPC,"3,93 %"
2011,Inde,IPC,"8,87 %"
2011,Indonésie,IPC,"5,38 %"
2011,Irlande,IPC,"2,56 %"
2011,Islande,IPC,"4,00 %"
2011,Israël,IPC,"3,49 %"
2011,Italie,IPC,"2,78 %"
2011,Japon,IPC,"-0,27 %"
2011,Luxembourg,IPC,"3,41 %"
2011,Mexique,IPC,"3,41 %"
2011,Norvège,IPC,"1,29 %"
2011,Pays-Bas,IPC,"2,34 %"
2011,Pologne,IPC,"4,24 %"
2011,Portugal,IPC,"3,65 %"
2011,Royaume-Uni,IPC,"3,85 %"
2011,Russie,IPC,"8,46 %"
2011,Slovaquie,IPC,"3,92 %"
2011,Slovénie,IPC,"1,80 %"
2011,Suède,IPC,"2,96 %"
2011,Suisse,IPC,"0,23 %"
2011,Tchéquie,IPC,"1,92 %"
2011,Turquie,IPC,"6,45 %"
2011,Allemagne,IPCH,"2,48 %"
2011,Autriche,IPCH,"3,55 %"
2011,Belgique,IPCH,"3,35 %"
2011,Danemark,IPCH,"2,66 %"
2011,Espagne,IPCH,"3,05 %"
2011,Estonie,IPCH,"5,08 %"
2011,Europe,IPCH,"2,72 %"
2011,Finlande,IPCH,"3,33 %"
2011,France,IPCH,"2,29 %"
2011,Grèce,IPCH,"3,13 %"
2011,Hongrie,IPCH,"3,92 %"
2011,Irlande,IPCH,"1,21 %"
2011,Islande,IPCH,"4,20 %"
2011,Italie,IPCH,"2,93 %"
2011,Lituanie,IPCH,"4,12 %"
2011,Luxembourg,IPCH,"3,73 %"
2011,Pays-Bas,IPCH,"2,47 %"
2011,Pologne,IPCH,"3,89 %"
2011,Portugal,IPCH,"3,55 %"
2011,Royaume-Uni,IPCH,"4,46 %"
2011,Slovaquie,IPCH,"4,08 %"
2011,Slovénie,IPCH,"2,08 %"
2011,Suède,IPCH,"1,37 %"
2011,Tchéquie,IPCH,"2,16 %"
2011,Turquie,IPCH,"6,45 %"
2010,Afrique du Sud,IPC,"4,10 %"
2010,Allemagne,IPC,"1,10 %"
2010,Autriche,IPC,"1,81 %"
2010,Belgique,IPC,"2,19 %"
2010,Brésil,IPC,"5,04 %"
2010,Canada,IPC,"1,78 %"
2010,Chili,IPC,"1,42 %"
2010,Chine,IPC,"3,17 %"
2010,Corée du Sud,IPC,"2,94 %"
2010,Danemark,IPC,"2,31 %"
2010,Espagne,IPC,"1,80 %"
2010,Estonie,IPC,"2,98 %"
2010,Etats-Unis,IPC,"1,64 %"
2010,Finlande,IPC,"1,19 %"
2010,France,IPC,"1,53 %"
2010,Grèce,IPC,"4,71 %"
2010,Hongrie,IPC,"4,87 %"
2010,Inde,IPC,"12,11 %"
2010,Indonésie,IPC,"5,12 %"
2010,Irlande,IPC,"-0,90 %"
2010,Islande,IPC,"5,44 %"
2010,Israël,IPC,"2,70 %"
2010,Italie,IPC,"1,52 %"
2010,Japon,IPC,"-0,74 %"
2010,Luxembourg,IPC,"2,27 %"
2010,Mexique,IPC,"4,16 %"
2010,Norvège,IPC,"2,42 %"
2010,Pays-Bas,IPC,"1,28 %"
2010,Pologne,IPC,"2,58 %"
2010,Portugal,IPC,"1,40 %"
2010,Royaume-Uni,IPC,"2,49 %"
2010,Russie,IPC,"6,85 %"
2010,Slovaquie,IPC,"0,96 %"
2010,Slovénie,IPC,"1,80 %"
2010,Suède,IPC,"1,16 %"
2010,Suisse,IPC,"0,69 %"
2010,Tchéquie,IPC,"1,47 %"
2010,Turquie,IPC,"8,58 %"
2010,Allemagne,IPCH,"1,12 %"
2010,Autriche,IPCH,"1,69 %"
2010,Belgique,IPCH,"2,33 %"
2010,Danemark,IPCH,"2,20 %"
2010,Espagne,IPCH,"2,04 %"
2010,Estonie,IPCH,"2,75 %"
2010,Europe,IPCH,"1,61 %"
2010,Finlande,IPCH,"1,69 %"
2010,France,IPCH,"1,74 %"
2010,Grèce,IPCH,"4,70 %"
2010,Hongrie,IPCH,"4,74 %"
2010,Irlande,IPCH,"-1,61 %"
2010,Islande,IPCH,"7,56 %"
2010,Italie,IPCH,"1,62 %"
2010,Lituanie,IPCH,"1,20 %"
2010,Luxembourg,IPCH,"2,80 %"
2010,Pays-Bas,IPCH,"0,93 %"
2010,Pologne,IPCH,"2,65 %"
2010,Portugal,IPCH,"1,39 %"
2010,Royaume-Uni,IPCH,"3,30 %"
2010,Slovaquie,IPCH,"0,70 %"
2010,Slovénie,IPCH,"2,06 %"
2010,Suède,IPCH,"1,91 %"
2010,Tchéquie,IPCH,"1,20 %"
2010,Turquie,IPCH,"8,58 %"
2009,Afrique du Sud,IPC,"7,25 %"
2009,Allemagne,IPC,"0,32 %"
2009,Autriche,IPC,"0,51 %"
2009,Belgique,IPC,"-0,04 %"
2009,Brésil,IPC,"4,90 %"
2009,Canada,IPC,"0,31 %"
2009,Chili,IPC,"0,45 %"
2009,Chine,IPC,"-0,72 %"
2009,Corée du Sud,IPC,"2,77 %"
2009,Danemark,IPC,"1,31 %"
2009,Espagne,IPC,"-0,28 %"
2009,Estonie,IPC,"-0,04 %"
2009,Etats-Unis,IPC,"-0,34 %"
2009,Finlande,IPC,"0,01 %"
2009,France,IPC,"0,09 %"
2009,Grèce,IPC,"1,21 %"
2009,Hongrie,IPC,"4,21 %"
2009,Inde,IPC,"10,83 %"
2009,Indonésie,IPC,"4,45 %"
2009,Irlande,IPC,"-4,46 %"
2009,Islande,IPC,"12,16 %"
2009,Israël,IPC,"3,36 %"
2009,Italie,IPC,"0,78 %"
2009,Japon,IPC,"-1,33 %"
2009,Luxembourg,IPC,"0,37 %"
2009,Mexique,IPC,"5,31 %"
2009,Norvège,IPC,"2,20 %"
2009,Pays-Bas,IPC,"1,19 %"
2009,Pologne,IPC,"3,79 %"
2009,Portugal,IPC,"-0,83 %"
2009,Royaume-Uni,IPC,"1,97 %"
2009,Russie,IPC,"11,70 %"
2009,Slovaquie,IPC,"1,62 %"
2009,Slovénie,IPC,"0,85 %"
2009,Suède,IPC,"-0,48 %"
2009,Suisse,IPC,"-0,48 %"
2009,Tchéquie,IPC,"1,02 %"
2009,Turquie,IPC,"6,28 %"
2009,Allemagne,IPCH,"0,25 %"
2009,Autriche,IPCH,"0,41 %"
2009,Belgique,IPCH,"0,01 %"
2009,Danemark,IPCH,"1,04 %"
2009,Espagne,IPCH,"-0,23 %"
2009,Estonie,IPCH,"0,24 %"
2009,Europe,IPCH,"0,32 %"
2009,Finlande,IPCH,"1,64 %"
2009,France,IPCH,"0,11 %"
2009,Grèce,IPCH,"1,35 %"
2009,Hongrie,IPCH,"4,02 %"
2009,Irlande,IPCH,"-1,68 %"
2009,Islande,IPCH,"16,44 %"
2009,Italie,IPCH,"0,77 %"
2009,Lituanie,IPCH,"4,22 %"
2009,Luxembourg,IPCH,"0,02 %"
2009,Pays-Bas,IPCH,"0,98 %"
2009,Pologne,IPCH,"4,01 %"
2009,Portugal,IPCH,"-0,90 %"
2009,Royaume-Uni,IPCH,"2,19 %"
2009,Slovaquie,IPCH,"0,93 %"
2009,Slovénie,IPCH,"0,86 %"
2009,Suède,IPCH,"1,94 %"
2009,Tchéquie,IPCH,"0,60 %"
2009,Turquie,IPCH,"6,28 %"
2008,Afrique du Sud,IPC,"10,06 %"
2008,Allemagne,IPC,"2,63 %"
2008,Autriche,IPC,"3,22 %"
2008,Belgique,IPC,"4,49 %"
2008,Brésil,IPC,"5,67 %"
2008,Canada,IPC,"2,37 %"
2008,Chili,IPC,"8,71 %"
2008,Chine,IPC,"5,97 %"
2008,Corée du Sud,IPC,"4,67 %"
2008,Danemark,IPC,"3,42 %"
2008,Espagne,IPC,"4,09 %"
2008,Estonie,IPC,"10,39 %"
2008,Etats-Unis,IPC,"3,85 %"
2008,Finlande,IPC,"4,07 %"
2008,France,IPC,"2,82 %"
2008,Grèce,IPC,"4,16 %"
2008,Hongrie,IPC,"6,06 %"
2008,Inde,IPC,"8,32 %"
2008,Indonésie,IPC,"10,21 %"
2008,Irlande,IPC,"4,07 %"
2008,Islande,IPC,"12,63 %"
2008,Israël,IPC,"4,55 %"
2008,Italie,IPC,"3,35 %"
2008,Japon,IPC,"1,38 %"
2008,Luxembourg,IPC,"3,41 %"
2008,Mexique,IPC,"5,12 %"
2008,Norvège,IPC,"3,76 %"
2008,Pays-Bas,IPC,"2,49 %"
2008,Pologne,IPC,"4,17 %"
2008,Portugal,IPC,"2,59 %"
2008,Royaume-Uni,IPC,"3,52 %"
2008,Russie,IPC,"14,10 %"
2008,Slovaquie,IPC,"4,60 %"
2008,Slovénie,IPC,"5,67 %"
2008,Suède,IPC,"3,44 %"
2008,Suisse,IPC,"2,43 %"
2008,Tchéquie,IPC,"6,37 %"
2008,Turquie,IPC,"10,43 %"
2008,Allemagne,IPCH,"2,76 %"
2008,Autriche,IPCH,"3,23 %"
2008,Belgique,IPCH,"4,49 %"
2008,Danemark,IPCH,"3,64 %"
2008,Espagne,IPCH,"4,14 %"
2008,Estonie,IPCH,"10,63 %"
2008,Europe,IPCH,"3,35 %"
2008,Finlande,IPCH,"3,92 %"
2008,France,IPCH,"3,16 %"
2008,Grèce,IPCH,"4,24 %"
2008,Hongrie,IPCH,"6,05 %"
2008,Irlande,IPCH,"3,12 %"
2008,Islande,IPCH,"12,71 %"
2008,Italie,IPCH,"3,49 %"
2008,Lituanie,IPCH,"11,11 %"
2008,Luxembourg,IPCH,"4,10 %"
2008,Pays-Bas,IPCH,"2,21 %"
2008,Pologne,IPCH,"4,17 %"
2008,Portugal,IPCH,"2,66 %"
2008,Royaume-Uni,IPCH,"3,59 %"
2008,Slovaquie,IPCH,"3,94 %"
2008,Slovénie,IPCH,"5,54 %"
2008,Suède,IPCH,"3,35 %"
2008,Tchéquie,IPCH,"6,29 %"
2008,Turquie,IPCH,"10,44 %"
2007,Afrique du Sud,IPC,"6,17 %"
2007,Allemagne,IPC,"2,30 %"
2007,Autriche,IPC,"2,17 %"
2007,Belgique,IPC,"1,82 %"
2007,Brésil,IPC,"3,64 %"
2007,Canada,IPC,"2,14 %"
2007,Chili,IPC,"4,39 %"
2007,Chine,IPC,"4,82 %"
2007,Corée du Sud,IPC,"2,53 %"
2007,Danemark,IPC,"1,69 %"
2007,Espagne,IPC,"2,78 %"
2007,Estonie,IPC,"6,58 %"
2007,Etats-Unis,IPC,"2,85 %"
2007,Finlande,IPC,"2,51 %"
2007,France,IPC,"1,49 %"
2007,Grèce,IPC,"2,89 %"
2007,Hongrie,IPC,"7,97 %"
2007,Inde,IPC,"6,39 %"
2007,Indonésie,IPC,"6,40 %"
2007,Irlande,IPC,"4,90 %"
2007,Islande,IPC,"5,07 %"
2007,Israël,IPC,"0,46 %"
2007,Italie,IPC,"1,83 %"
2007,Japon,IPC,"0,04 %"
2007,Luxembourg,IPC,"2,31 %"
2007,Mexique,IPC,"3,97 %"
2007,Norvège,IPC,"0,71 %"
2007,Pays-Bas,IPC,"1,61 %"
2007,Pologne,IPC,"2,46 %"
2007,Portugal,IPC,"2,45 %"
2007,Royaume-Uni,IPC,"2,39 %"
2007,Russie,IPC,"8,99 %"
2007,Slovaquie,IPC,"2,76 %"
2007,Slovénie,IPC,"3,65 %"
2007,Suède,IPC,"2,21 %"
2007,Suisse,IPC,"0,73 %"
2007,Tchéquie,IPC,"2,85 %"
2007,Turquie,IPC,"8,78 %"
2007,Allemagne,IPCH,"2,27 %"
2007,Autriche,IPCH,"2,20 %"
2007,Belgique,IPCH,"1,82 %"
2007,Danemark,IPCH,"1,66 %"
2007,Espagne,IPCH,"2,84 %"
2007,Estonie,IPCH,"6,73 %"
2007,Europe,IPCH,"2,16 %"
2007,Finlande,IPCH,"1,58 %"
2007,France,IPCH,"1,60 %"
2007,Grèce,IPCH,"2,99 %"
2007,Hongrie,IPCH,"7,94 %"
2007,Irlande,IPCH,"2,88 %"
2007,Islande,IPCH,"3,67 %"
2007,Italie,IPCH,"2,02 %"
2007,Lituanie,IPCH,"5,80 %"
2007,Luxembourg,IPCH,"2,65 %"
2007,Pays-Bas,IPCH,"1,58 %"
2007,Pologne,IPCH,"2,60 %"
2007,Portugal,IPCH,"2,42 %"
2007,Royaume-Uni,IPCH,"2,32 %"
2007,Slovaquie,IPCH,"1,89 %"
2007,Slovénie,IPCH,"3,80 %"
2007,Suède,IPCH,"1,68 %"
2007,Tchéquie,IPCH,"2,94 %"
2007,Turquie,IPCH,"8,78 %"
2006,Afrique du Sud,IPC,"3,24 %"
2006,Allemagne,IPC,"1,58 %"
2006,Autriche,IPC,"1,44 %"
2006,Belgique,IPC,"1,79 %"
2006,Brésil,IPC,"4,20 %"
2006,Canada,IPC,"2,01 %"
2006,Chili,IPC,"3,40 %"
2006,Chine,IPC,"1,65 %"
2006,Corée du Sud,IPC,"2,24 %"
2006,Danemark,IPC,"1,93 %"
2006,Espagne,IPC,"3,52 %"
2006,Estonie,IPC,"4,44 %"
2006,Etats-Unis,IPC,"3,24 %"
2006,Finlande,IPC,"1,57 %"
2006,France,IPC,"1,68 %"
2006,Grèce,IPC,"3,20 %"
2006,Hongrie,IPC,"3,92 %"
2006,Inde,IPC,"5,79 %"
2006,Indonésie,IPC,"13,34 %"
2006,Irlande,IPC,"3,93 %"
2006,Islande,IPC,"6,68 %"
2006,Israël,IPC,"2,08 %"
2006,Italie,IPC,"2,09 %"
2006,Japon,IPC,"0,25 %"
2006,Luxembourg,IPC,"2,67 %"
2006,Mexique,IPC,"3,63 %"
2006,Norvège,IPC,"2,33 %"
2006,Pays-Bas,IPC,"1,10 %"
2006,Pologne,IPC,"1,28 %"
2006,Portugal,IPC,"3,11 %"
2006,Royaume-Uni,IPC,"2,45 %"
2006,Russie,IPC,"9,68 %"
2006,Slovaquie,IPC,"4,48 %"
2006,Slovénie,IPC,"2,46 %"
2006,Suède,IPC,"1,36 %"
2006,Suisse,IPC,"1,06 %"
2006,Tchéquie,IPC,"2,54 %"
2006,Turquie,IPC,"9,59 %"
2006,Allemagne,IPCH,"1,78 %"
2006,Autriche,IPCH,"1,69 %"
2006,Belgique,IPCH,"2,33 %"
2006,Danemark,IPCH,"1,85 %"
2006,Espagne,IPCH,"3,57 %"
2006,Estonie,IPCH,"4,44 %"
2006,Europe,IPCH,"2,21 %"
2006,Finlande,IPCH,"1,28 %"
2006,France,IPCH,"1,89 %"
2006,Grèce,IPCH,"3,31 %"
2006,Hongrie,IPCH,"4,03 %"
2006,Irlande,IPCH,"2,68 %"
2006,Islande,IPCH,"4,64 %"
2006,Italie,IPCH,"2,23 %"
2006,Lituanie,IPCH,"3,75 %"
2006,Luxembourg,IPCH,"2,97 %"
2006,Pays-Bas,IPCH,"1,65 %"
2006,Pologne,IPCH,"1,26 %"
2006,Portugal,IPCH,"3,05 %"
2006,Royaume-Uni,IPCH,"2,35 %"
2006,Slovaquie,IPCH,"4,27 %"
2006,Slovénie,IPCH,"2,55 %"
2006,Suède,IPCH,"1,50 %"
2006,Tchéquie,IPCH,"2,10 %"
2006,Turquie,IPCH,"9,26 %"
2005,Afrique du Sud,IPC,"2,06 %"
2005,Allemagne,IPC,"1,55 %"
2005,Autriche,IPC,"2,30 %"
2005,Belgique,IPC,"2,78 %"
2005,Brésil,IPC,"6,88 %"
2005,Canada,IPC,"2,21 %"
2005,Chili,IPC,"3,05 %"
2005,Chine,IPC,"1,78 %"
2005,Corée du Sud,IPC,"2,76 %"
2005,Danemark,IPC,"1,82 %"
2005,Espagne,IPC,"3,37 %"
2005,Estonie,IPC,"4,08 %"
2005,Etats-Unis,IPC,"3,39 %"
2005,Finlande,IPC,"0,62 %"
2005,France,IPC,"1,75 %"
2005,Grèce,IPC,"3,55 %"
2005,Hongrie,IPC,"3,56 %"
2005,Inde,IPC,"4,25 %"
2005,Indonésie,IPC,"10,40 %"
2005,Irlande,IPC,"2,43 %"
2005,Islande,IPC,"3,99 %"
2005,Israël,IPC,"1,31 %"
2005,Italie,IPC,"1,98 %"
2005,Japon,IPC,"-0,29 %"
2005,Luxembourg,IPC,"2,49 %"
2005,Mexique,IPC,"4,00 %"
2005,Norvège,IPC,"1,53 %"
2005,Pays-Bas,IPC,"1,69 %"
2005,Pologne,IPC,"2,20 %"
2005,Portugal,IPC,"2,28 %"
2005,Royaume-Uni,IPC,"2,09 %"
2005,Russie,IPC,"12,71 %"
2005,Slovaquie,IPC,"2,71 %"
2005,Slovénie,IPC,"2,45 %"
2005,Suède,IPC,"0,45 %"
2005,Suisse,IPC,"1,17 %"
2005,Tchéquie,IPC,"1,86 %"
2005,Turquie,IPC,"8,19 %"
2005,Allemagne,IPCH,"1,93 %"
2005,Autriche,IPCH,"2,10 %"
2005,Belgique,IPCH,"2,54 %"
2005,Danemark,IPCH,"1,73 %"
2005,Espagne,IPCH,"3,38 %"
2005,Estonie,IPCH,"4,12 %"
2005,Europe,IPCH,"2,20 %"
2005,Finlande,IPCH,"0,77 %"
2005,France,IPCH,"1,89 %"
2005,Grèce,IPCH,"3,49 %"
2005,Hongrie,IPCH,"3,49 %"
2005,Irlande,IPCH,"2,18 %"
2005,Islande,IPCH,"1,37 %"
2005,Italie,IPCH,"2,21 %"
2005,Lituanie,IPCH,"2,67 %"
2005,Luxembourg,IPCH,"3,76 %"
2005,Pays-Bas,IPCH,"1,49 %"
2005,Pologne,IPCH,"2,18 %"
2005,Portugal,IPCH,"2,13 %"
2005,Royaume-Uni,IPCH,"2,04 %"
2005,Slovaquie,IPCH,"2,79 %"
2005,Slovénie,IPCH,"2,43 %"
2005,Suède,IPCH,"0,83 %"
2005,Tchéquie,IPCH,"1,57 %"
2005,Turquie,IPCH,"8,14 %"
2004,Afrique du Sud,IPC,"-0,68 %"
2004,Allemagne,IPC,"1,67 %"
2004,Autriche,IPC,"2,06 %"
2004,Belgique,IPC,"2,10 %"
2004,Brésil,IPC,"6,60 %"
2004,Canada,IPC,"1,86 %"
2004,Chili,IPC,"1,06 %"
2004,Chine,IPC,"3,84 %"
2004,Corée du Sud,IPC,"3,59 %"
2004,Danemark,IPC,"1,15 %"
2004,Espagne,IPC,"3,04 %"
2004,Estonie,IPC,"3,05 %"
2004,Etats-Unis,IPC,"2,68 %"
2004,Finlande,IPC,"0,19 %"
2004,France,IPC,"2,14 %"
2004,Grèce,IPC,"2,90 %"
2004,Hongrie,IPC,"6,75 %"
2004,Inde,IPC,"3,77 %"
2004,Indonésie,IPC,"6,06 %"
2004,Irlande,IPC,"2,20 %"
2004,Islande,IPC,"3,16 %"
2004,Israël,IPC,"-0,37 %"
2004,Italie,IPC,"2,21 %"
2004,Japon,IPC,"-0,01 %"
2004,Luxembourg,IPC,"2,23 %"
2004,Mexique,IPC,"4,68 %"
2004,Norvège,IPC,"0,46 %"
2004,Pays-Bas,IPC,"1,26 %"
2004,Pologne,IPC,"3,38 %"
2004,Portugal,IPC,"2,36 %"
2004,Royaume-Uni,IPC,"1,39 %"
2004,Russie,IPC,"10,88 %"
2004,Slovaquie,IPC,"7,56 %"
2004,Slovénie,IPC,"3,59 %"
2004,Suède,IPC,"0,37 %"
2004,Suisse,IPC,"0,80 %"
2004,Tchéquie,IPC,"2,76 %"
2004,Turquie,IPC,"8,60 %"
2004,Allemagne,IPCH,"1,78 %"
2004,Autriche,IPCH,"1,96 %"
2004,Belgique,IPCH,"1,86 %"
2004,Danemark,IPCH,"0,94 %"
2004,Espagne,IPCH,"3,05 %"
2004,Estonie,IPCH,"3,04 %"
2004,Europe,IPCH,"2,18 %"
2004,Finlande,IPCH,"0,15 %"
2004,France,IPCH,"2,34 %"
2004,Grèce,IPCH,"3,02 %"
2004,Hongrie,IPCH,"6,77 %"
2004,Irlande,IPCH,"2,30 %"
2004,Islande,IPCH,"2,32 %"
2004,Italie,IPCH,"2,26 %"
2004,Lituanie,IPCH,"1,16 %"
2004,Luxembourg,IPCH,"3,24 %"
2004,Pays-Bas,IPCH,"1,39 %"
2004,Pologne,IPCH,"3,63 %"
2004,Portugal,IPCH,"2,51 %"
2004,Royaume-Uni,IPCH,"1,35 %"
2004,Slovaquie,IPCH,"7,48 %"
2004,Slovénie,IPCH,"3,66 %"
2004,Suède,IPCH,"1,02 %"
2004,Tchéquie,IPCH,"2,59 %"
2004,Turquie,IPCH,"10,11 %"
2003,Afrique du Sud,IPC,"5,84 %"
2003,Allemagne,IPC,"1,03 %"
2003,Autriche,IPC,"1,36 %"
2003,Belgique,IPC,"1,59 %"
2003,Brésil,IPC,"14,78 %"
2003,Canada,IPC,"2,77 %"
2003,Chili,IPC,"2,82 %"
2003,Chine,IPC,"1,13 %"
2003,Corée du Sud,IPC,"3,52 %"
2003,Danemark,IPC,"2,08 %"
2003,Espagne,IPC,"3,04 %"
2003,Estonie,IPC,"1,34 %"
2003,Etats-Unis,IPC,"2,27 %"
2003,Finlande,IPC,"0,88 %"
2003,France,IPC,"2,10 %"
2003,Grèce,IPC,"3,53 %"
2003,Hongrie,IPC,"4,66 %"
2003,Inde,IPC,"3,81 %"
2003,Indonésie,IPC,"6,78 %"
2003,Irlande,IPC,"3,50 %"
2003,Islande,IPC,"2,05 %"
2003,Israël,IPC,"0,76 %"
2003,Italie,IPC,"2,67 %"
2003,Japon,IPC,"-0,26 %"
2003,Luxembourg,IPC,"2,05 %"
2003,Mexique,IPC,"4,56 %"
2003,Norvège,IPC,"2,50 %"
2003,Pays-Bas,IPC,"2,09 %"
2003,Pologne,IPC,"0,68 %"
2003,Portugal,IPC,"3,23 %"
2003,Royaume-Uni,IPC,"1,38 %"
2003,Russie,IPC,"13,69 %"
2003,Slovaquie,IPC,"8,55 %"
2003,Slovénie,IPC,"5,55 %"
2003,Suède,IPC,"1,93 %"
2003,Suisse,IPC,"0,64 %"
2003,Tchéquie,IPC,"0,12 %"
2003,Turquie,IPC,"21,94 %"
2003,Allemagne,IPCH,"1,07 %"
2003,Autriche,IPCH,"1,30 %"
2003,Belgique,IPCH,"1,52 %"
2003,Danemark,IPCH,"1,96 %"
2003,Espagne,IPCH,"3,11 %"
2003,Estonie,IPCH,"1,39 %"
2003,Europe,IPCH,"2,12 %"
2003,Finlande,IPCH,"1,29 %"
2003,France,IPCH,"2,17 %"
2003,Grèce,IPCH,"3,45 %"
2003,Hongrie,IPCH,"4,67 %"
2003,Irlande,IPCH,"4,03 %"
2003,Islande,IPCH,"1,38 %"
2003,Italie,IPCH,"2,81 %"
2003,Lituanie,IPCH,"-1,07 %"
2003,Luxembourg,IPCH,"2,53 %"
2003,Pays-Bas,IPCH,"2,24 %"
2003,Pologne,IPCH,"0,71 %"
2003,Portugal,IPCH,"3,24 %"
2003,Royaume-Uni,IPCH,"1,38 %"
2003,Slovaquie,IPCH,"8,43 %"
2003,Slovénie,IPCH,"5,66 %"
2003,Suède,IPCH,"2,32 %"
2003,Tchéquie,IPCH,"-0,07 %"
2003,Turquie,IPCH,"25,59 %"
2002,Afrique du Sud,IPC,"9,47 %"
2002,Allemagne,IPC,"1,42 %"
2002,Autriche,IPC,"1,81 %"
2002,Belgique,IPC,"1,65 %"
2002,Brésil,IPC,"8,43 %"
2002,Canada,IPC,"2,26 %"
2002,Chili,IPC,"2,49 %"
2002,Chine,IPC,"-0,73 %"
2002,Corée du Sud,IPC,"2,76 %"
2002,Danemark,IPC,"2,42 %"
2002,Espagne,IPC,"3,06 %"
2002,Estonie,IPC,"3,58 %"
2002,Etats-Unis,IPC,"1,59 %"
2002,Finlande,IPC,"1,57 %"
2002,France,IPC,"1,92 %"
2002,Grèce,IPC,"3,63 %"
2002,Hongrie,IPC,"5,27 %"
2002,Inde,IPC,"4,31 %"
2002,Indonésie,IPC,"11,96 %"
2002,Irlande,IPC,"4,62 %"
2002,Islande,IPC,"5,27 %"
2002,Israël,IPC,"5,76 %"
2002,Italie,IPC,"2,46 %"
2002,Japon,IPC,"-0,90 %"
2002,Luxembourg,IPC,"2,07 %"
2002,Mexique,IPC,"5,03 %"
2002,Norvège,IPC,"1,29 %"
2002,Pays-Bas,IPC,"3,29 %"
2002,Pologne,IPC,"1,92 %"
2002,Portugal,IPC,"3,60 %"
2002,Royaume-Uni,IPC,"1,52 %"
2002,Russie,IPC,"15,84 %"
2002,Slovaquie,IPC,"3,14 %"
2002,Slovénie,IPC,"7,49 %"
2002,Suède,IPC,"2,16 %"
2002,Suisse,IPC,"0,64 %"
2002,Tchéquie,IPC,"1,92 %"
2002,Turquie,IPC,"47,20 %"
2002,Allemagne,IPCH,"1,33 %"
2002,Autriche,IPCH,"1,68 %"
2002,Belgique,IPCH,"1,55 %"
2002,Danemark,IPCH,"2,40 %"
2002,Espagne,IPCH,"3,59 %"
2002,Estonie,IPCH,"3,59 %"
2002,Europe,IPCH,"2,27 %"
2002,Finlande,IPCH,"2,01 %"
2002,France,IPCH,"1,94 %"
2002,Grèce,IPCH,"3,92 %"
2002,Hongrie,IPCH,"5,25 %"
2002,Irlande,IPCH,"4,70 %"
2002,Islande,IPCH,"5,41 %"
2002,Italie,IPCH,"2,61 %"
2002,Lituanie,IPCH,"0,35 %"
2002,Luxembourg,IPCH,"2,05 %"
2002,Pays-Bas,IPCH,"3,86 %"
2002,Pologne,IPCH,"1,95 %"
2002,Portugal,IPCH,"3,70 %"
2002,Royaume-Uni,IPCH,"1,24 %"
2002,Slovaquie,IPCH,"3,51 %"
2002,Slovénie,IPCH,"7,50 %"
2002,Suède,IPCH,"1,94 %"
2002,Tchéquie,IPCH,"1,45 %"
2002,Turquie,IPCH,"49,75 %"
2001,Afrique du Sud,IPC,"5,73 %"
2001,Allemagne,IPC,"1,98 %"
2001,Autriche,IPC,"2,65 %"
2001,Belgique,IPC,"2,47 %"
2001,Brésil,IPC,"6,83 %"
2001,Canada,IPC,"2,53 %"
2001,Chili,IPC,"3,57 %"
2001,Chine,IPC,"0,73 %"
2001,Corée du Sud,IPC,"4,07 %"
2001,Danemark,IPC,"2,34 %"
2001,Espagne,IPC,"3,59 %"
2001,Estonie,IPC,"5,76 %"
2001,Etats-Unis,IPC,"2,83 %"
2001,Finlande,IPC,"2,58 %"
2001,France,IPC,"1,63 %"
2001,Grèce,IPC,"3,38 %"
2001,Hongrie,IPC,"9,15 %"
2001,Inde,IPC,"3,77 %"
2001,Indonésie,IPC,"11,47 %"
2001,Irlande,IPC,"4,88 %"
2001,Islande,IPC,"6,39 %"
2001,Israël,IPC,"1,15 %"
2001,Italie,IPC,"2,79 %"
2001,Japon,IPC,"-0,69 %"
2001,Luxembourg,IPC,"2,67 %"
2001,Mexique,IPC,"6,39 %"
2001,Norvège,IPC,"3,01 %"
2001,Pays-Bas,IPC,"4,16 %"
2001,Pologne,IPC,"5,43 %"
2001,Portugal,IPC,"4,37 %"
2001,Royaume-Uni,IPC,"1,53 %"
2001,Russie,IPC,"21,57 %"
2001,Slovaquie,IPC,"7,33 %"
2001,Slovénie,IPC,"8,39 %"
2001,Suède,IPC,"2,40 %"
2001,Suisse,IPC,"0,99 %"
2001,Tchéquie,IPC,"4,66 %"
2001,Turquie,IPC,"53,46 %"
2001,Allemagne,IPCH,"1,90 %"
2001,Autriche,IPCH,"2,30 %"
2001,Belgique,IPCH,"2,44 %"
2001,Danemark,IPCH,"2,27 %"
2001,Espagne,IPCH,"2,83 %"
2001,Estonie,IPCH,"5,64 %"
2001,Europe,IPCH,"2,41 %"
2001,Finlande,IPCH,"2,67 %"
2001,France,IPCH,"1,78 %"
2001,Grèce,IPCH,"3,64 %"
2001,Hongrie,IPCH,"9,11 %"
2001,Irlande,IPCH,"3,99 %"
2001,Islande,IPCH,"6,58 %"
2001,Italie,IPCH,"2,32 %"
2001,Lituanie,IPCH,"1,55 %"
2001,Luxembourg,IPCH,"2,41 %"
2001,Pays-Bas,IPCH,"5,12 %"
2001,Pologne,IPCH,"5,34 %"
2001,Portugal,IPCH,"4,41 %"
2001,Royaume-Uni,IPCH,"1,24 %"
2001,Slovaquie,IPCH,"7,15 %"
2001,Slovénie,IPCH,"8,64 %"
2001,Suède,IPCH,"2,68 %"
2001,Tchéquie,IPCH,"4,53 %"
2001,Turquie,IPCH,"55,71 %"
2000,Afrique du Sud,IPC,"5,33 %"
2000,Allemagne,IPC,"1,44 %"
2000,Autriche,IPC,"2,34 %"
2000,Belgique,IPC,"2,54 %"
2000,Brésil,IPC,"7,06 %"
2000,Canada,IPC,"2,72 %"
2000,Chili,IPC,"3,84 %"
2000,Chine,IPC,"0,35 %"
2000,Corée du Sud,IPC,"2,26 %"
2000,Danemark,IPC,"2,91 %"
2000,Espagne,IPC,"3,43 %"
2000,Estonie,IPC,"4,01 %"
2000,Etats-Unis,IPC,"3,38 %"
2000,Finlande,IPC,"3,04 %"
2000,France,IPC,"1,68 %"
2000,Grèce,IPC,"3,15 %"
2000,Hongrie,IPC,"9,80 %"
2000,Inde,IPC,"4,02 %"
2000,Indonésie,IPC,"3,74 %"
2000,Irlande,IPC,"5,58 %"
2000,Islande,IPC,"5,15 %"
2000,Israël,IPC,"1,04 %"
2000,Italie,IPC,"2,54 %"
2000,Japon,IPC,"-0,69 %"
2000,Luxembourg,IPC,"3,15 %"
2000,Mexique,IPC,"9,51 %"
2000,Norvège,IPC,"3,09 %"
2000,Pays-Bas,IPC,"2,36 %"
2000,Pologne,IPC,"9,91 %"
2000,Portugal,IPC,"2,85 %"
2000,Royaume-Uni,IPC,"1,18 %"
2000,Russie,IPC,"20,97 %"
2000,Slovaquie,IPC,"12,17 %"
2000,Slovénie,IPC,"8,91 %"
2000,Suède,IPC,"0,90 %"
2000,Suisse,IPC,"1,56 %"
2000,Tchéquie,IPC,"3,77 %"
2000,Turquie,IPC,"56,43 %"
2000,Allemagne,IPCH,"1,41 %"
2000,Autriche,IPCH,"1,96 %"
2000,Belgique,IPCH,"2,68 %"
2000,Danemark,IPCH,"2,75 %"
2000,Espagne,IPCH,"3,48 %"
2000,Estonie,IPCH,"3,93 %"
2000,Europe,IPCH,"2,18 %"
2000,Finlande,IPCH,"2,95 %"
2000,France,IPCH,"1,81 %"
2000,Grèce,IPCH,"2,89 %"
2000,Hongrie,IPCH,"9,95 %"
2000,Irlande,IPCH,"5,28 %"
2000,Islande,IPCH,"4,41 %"
2000,Italie,IPCH,"2,61 %"
2000,Lituanie,IPCH,"1,09 %"
2000,Luxembourg,IPCH,"3,78 %"
2000,Pays-Bas,IPCH,"2,34 %"
2000,Pologne,IPCH,"10,08 %"
2000,Portugal,IPCH,"2,80 %"
2000,Royaume-Uni,IPCH,"0,80 %"
2000,Slovaquie,IPCH,"12,33 %"
2000,Slovénie,IPCH,"8,95 %"
2000,Suède,IPCH,"1,29 %"
2000,Tchéquie,IPCH,"3,94 %"
2000,Turquie,IPCH,"54,56 %"
1999,Afrique du Sud,IPC,"5,27 %"
1999,Allemagne,IPC,"0,59 %"
1999,Autriche,IPC,"0,57 %"
1999,Belgique,IPC,"1,12 %"
1999,Brésil,IPC,"4,86 %"
1999,Canada,IPC,"1,73 %"
1999,Chili,IPC,"3,34 %"
1999,Chine,IPC,"-1,40 %"
1999,Corée du Sud,IPC,"0,81 %"
1999,Danemark,IPC,"2,50 %"
1999,Espagne,IPC,"2,31 %"
1999,Estonie,IPC,"3,30 %"
1999,Etats-Unis,IPC,"2,19 %"
1999,Finlande,IPC,"1,16 %"
1999,France,IPC,"0,54 %"
1999,Grèce,IPC,"2,64 %"
1999,Hongrie,IPC,"9,99 %"
1999,Inde,IPC,"4,84 %"
1999,Indonésie,IPC,"24,03 %"
1999,Irlande,IPC,"1,63 %"
1999,Islande,IPC,"3,23 %"
1999,Israël,IPC,"5,24 %"
1999,Italie,IPC,"1,66 %"
1999,Japon,IPC,"-0,35 %"
1999,Luxembourg,IPC,"1,02 %"
1999,Mexique,IPC,"16,67 %"
1999,Norvège,IPC,"2,37 %"
1999,Pays-Bas,IPC,"2,16 %"
1999,Pologne,IPC,"7,14 %"
1999,Portugal,IPC,"2,34 %"
1999,Royaume-Uni,IPC,"1,75 %"
1999,Russie,IPC,"92,66 %"
1999,Slovaquie,IPC,"10,55 %"
1999,Slovénie,IPC,"6,15 %"
1999,Suède,IPC,"0,46 %"
1999,Suisse,IPC,"0,81 %"
1999,Tchéquie,IPC,"2,14 %"
1999,Turquie,IPC,"64,76 %"
1999,Allemagne,IPCH,"0,65 %"
1999,Autriche,IPCH,"0,51 %"
1999,Belgique,IPCH,"1,14 %"
1999,Danemark,IPCH,"2,04 %"
1999,Espagne,IPCH,"2,23 %"
1999,Estonie,IPCH,"3,10 %"
1999,Europe,IPCH,"1,17 %"
1999,Finlande,IPCH,"1,31 %"
1999,France,IPCH,"0,57 %"
1999,Grèce,IPCH,"2,15 %"
1999,Hongrie,IPCH,"9,96 %"
1999,Irlande,IPCH,"2,44 %"
1999,Islande,IPCH,"2,14 %"
1999,Italie,IPCH,"1,64 %"
1999,Lituanie,IPCH,"1,45 %"
1999,Luxembourg,IPCH,"1,02 %"
1999,Pays-Bas,IPCH,"2,03 %"
1999,Pologne,IPCH,"7,15 %"
1999,Portugal,IPCH,"2,17 %"
1999,Royaume-Uni,IPCH,"1,35 %"
1999,Slovaquie,IPCH,"10,42 %"
1999,Slovénie,IPCH,"6,11 %"
1999,Suède,IPCH,"0,56 %"
1999,Tchéquie,IPCH,"1,81 %"
1999,Turquie,IPCH,"61,37 %"
1998,Afrique du Sud,IPC,"6,86 %"
1998,Allemagne,IPC,"0,91 %"
1998,Autriche,IPC,"0,92 %"
1998,Belgique,IPC,"0,95 %"
1998,Brésil,IPC,"3,21 %"
1998,Canada,IPC,"1,00 %"
1998,Chili,IPC,"5,12 %"
1998,Chine,IPC,"-0,77 %"
1998,Corée du Sud,IPC,"7,53 %"
1998,Danemark,IPC,"1,85 %"
1998,Espagne,IPC,"1,84 %"
1998,Estonie,IPC,-
1998,Etats-Unis,IPC,"1,55 %"
1998,Finlande,IPC,"1,40 %"
1998,France,IPC,"0,65 %"
1998,Grèce,IPC,"4,77 %"
1998,Hongrie,IPC,"14,24 %"
1998,Inde,IPC,"13,17 %"
1998,Indonésie,IPC,"58,01 %"
1998,Irlande,IPC,"2,41 %"
1998,Islande,IPC,"1,66 %"
1998,Israël,IPC,"5,49 %"
1998,Italie,IPC,"1,96 %"
1998,Japon,IPC,"0,66 %"
1998,Luxembourg,IPC,"0,96 %"
1998,Mexique,IPC,"15,90 %"
1998,Norvège,IPC,"2,25 %"
1998,Pays-Bas,IPC,"1,96 %"
1998,Pologne,IPC,"11,65 %"
1998,Portugal,IPC,"2,57 %"
1998,Royaume-Uni,IPC,"1,82 %"
1998,Russie,IPC,"27,29 %"
1998,Slovaquie,IPC,"6,68 %"
1998,Slovénie,IPC,"7,91 %"
1998,Suède,IPC,"-0,26 %"
1998,Suisse,IPC,"0,02 %"
1998,Tchéquie,IPC,"10,77 %"
1998,Turquie,IPC,"86,66 %"
1998,Allemagne,IPCH,"0,60 %"
1998,Autriche,IPCH,"0,82 %"
1998,Belgique,IPCH,"0,91 %"
1998,Danemark,IPCH,"1,31 %"
1998,Espagne,IPCH,"1,77 %"
1998,Estonie,IPCH,"8,85 %"
1998,Europe,IPCH,"1,23 %"
1998,Finlande,IPCH,"1,35 %"
1998,France,IPCH,"0,68 %"
1998,Grèce,IPCH,"4,52 %"
1998,Hongrie,IPCH,"14,31 %"
1998,Irlande,IPCH,"2,14 %"
1998,Islande,IPCH,"1,33 %"
1998,Italie,IPCH,"1,95 %"
1998,Lituanie,IPCH,"5,39 %"
1998,Luxembourg,IPCH,"0,97 %"
1998,Pays-Bas,IPCH,"1,78 %"
1998,Pologne,IPCH,"11,87 %"
1998,Portugal,IPCH,"2,21 %"
1998,Royaume-Uni,IPCH,"1,56 %"
1998,Slovaquie,IPCH,"6,69 %"
1998,Slovénie,IPCH,"7,94 %"
1998,Suède,IPCH,"1,01 %"
1998,Tchéquie,IPCH,"9,77 %"
1998,Turquie,IPCH,"84,16 %"
1997,Afrique du Sud,IPC,"8,62 %"
1997,Allemagne,IPC,"1,94 %"
1997,Autriche,IPC,"1,31 %"
1997,Belgique,IPC,"1,63 %"
1997,Brésil,IPC,"6,97 %"
1997,Canada,IPC,"1,62 %"
1997,Chili,IPC,"6,14 %"
1997,Chine,IPC,"2,81 %"
1997,Corée du Sud,IPC,"4,44 %"
1997,Danemark,IPC,"2,18 %"
1997,Espagne,IPC,"1,97 %"
1997,Etats-Unis,IPC,"2,34 %"
1997,Finlande,IPC,"1,19 %"
1997,France,IPC,"1,20 %"
1997,Grèce,IPC,"5,55 %"
1997,Hongrie,IPC,"18,32 %"
1997,Inde,IPC,"7,25 %"
1997,Indonésie,IPC,"6,21 %"
1997,Irlande,IPC,"1,53 %"
1997,Islande,IPC,"1,82 %"
1997,Israël,IPC,"8,99 %"
1997,Italie,IPC,"2,04 %"
1997,Japon,IPC,"1,70 %"
1997,Luxembourg,IPC,"1,37 %"
1997,Mexique,IPC,"20,82 %"
1997,Norvège,IPC,"2,57 %"
1997,Pays-Bas,IPC,"2,11 %"
1997,Pologne,IPC,"14,98 %"
1997,Portugal,IPC,"2,34 %"
1997,Royaume-Uni,IPC,"2,20 %"
1997,Russie,IPC,"14,86 %"
1997,Slovaquie,IPC,"6,14 %"
1997,Slovénie,IPC,"8,36 %"
1997,Suède,IPC,"0,66 %"
1997,Suisse,IPC,"0,52 %"
1997,Tchéquie,IPC,"8,57 %"
1997,Turquie,IPC,"84,46 %"
1997,Allemagne,IPCH,"1,51 %"
1997,Autriche,IPCH,"1,16 %"
1997,Belgique,IPCH,"1,50 %"
1997,Danemark,IPCH,"1,93 %"
1997,Espagne,IPCH,"1,88 %"
1997,Estonie,IPCH,"9,31 %"
1997,Europe,IPCH,"1,71 %"
1997,Finlande,IPCH,"1,22 %"
1997,France,IPCH,"1,27 %"
1997,Grèce,IPCH,"5,45 %"
1997,Hongrie,IPCH,"18,47 %"
1997,Irlande,IPCH,"1,26 %"
1997,Islande,IPCH,"1,84 %"
1997,Italie,IPCH,"1,91 %"
1997,Lituanie,IPCH,"10,37 %"
1997,Luxembourg,IPCH,"1,38 %"
1997,Pays-Bas,IPCH,"1,86 %"
1997,Pologne,IPCH,"15,03 %"
1997,Portugal,IPCH,"1,89 %"
1997,Royaume-Uni,IPCH,"1,82 %"
1997,Slovaquie,IPCH,"6,01 %"
1997,Slovénie,IPCH,"8,33 %"
1997,Suède,IPCH,"1,81 %"
1997,Tchéquie,IPCH,"8,01 %"
1997,Turquie,IPCH,"84,37 %"
1996,Afrique du Sud,IPC,"7,34 %"
1996,Allemagne,IPC,"1,45 %"
1996,Autriche,IPC,"1,86 %"
1996,Belgique,IPC,"2,08 %"
1996,Brésil,IPC,"16,01 %"
1996,Canada,IPC,"1,57 %"
1996,Chili,IPC,"7,38 %"
1996,Chine,IPC,"8,33 %"
1996,Corée du Sud,IPC,"4,92 %"
1996,Danemark,IPC,"2,13 %"
1996,Espagne,IPC,"3,56 %"
1996,Etats-Unis,IPC,"2,93 %"
1996,Finlande,IPC,"0,63 %"
1996,France,IPC,"1,98 %"
1996,Grèce,IPC,"8,20 %"
1996,Hongrie,IPC,"23,64 %"
1996,Inde,IPC,"8,98 %"
1996,Indonésie,IPC,"8,01 %"
1996,Irlande,IPC,"1,75 %"
1996,Islande,IPC,"2,26 %"
1996,Israël,IPC,"11,41 %"
1996,Italie,IPC,"4,02 %"
1996,Japon,IPC,"0,14 %"
1996,Luxembourg,IPC,"1,18 %"
1996,Mexique,IPC,"35,26 %"
1996,Norvège,IPC,"1,26 %"
1996,Pays-Bas,IPC,"1,95 %"
1996,Pologne,IPC,"19,83 %"
1996,Portugal,IPC,"3,07 %"
1996,Royaume-Uni,IPC,"2,85 %"
1996,Russie,IPC,"52,89 %"
1996,Slovaquie,IPC,"5,78 %"
1996,Slovénie,IPC,"9,86 %"
1996,Suède,IPC,"0,54 %"
1996,Suisse,IPC,"0,81 %"
1996,Tchéquie,IPC,"8,76 %"
1996,Turquie,IPC,"80,37 %"
1996,Allemagne,IPCH,"1,24 %"
1996,Autriche,IPCH,"1,77 %"
1996,Belgique,IPCH,"1,78 %"
1996,Danemark,IPCH,"2,11 %"
1996,Espagne,IPCH,"3,57 %"
1996,Estonie,IPCH,-
1996,Europe,IPCH,"2,34 %"
1996,Finlande,IPCH,"1,07 %"
1996,France,IPCH,"2,06 %"
1996,Grèce,IPCH,"7,88 %"
1996,Hongrie,IPCH,"23,64 %"
1996,Irlande,IPCH,"2,15 %"
1996,Islande,IPCH,"2,16 %"
1996,Italie,IPCH,"4,01 %"
1996,Lituanie,IPCH,-
1996,Luxembourg,IPCH,"1,16 %"
1996,Pays-Bas,IPCH,"1,43 %"
1996,Pologne,IPCH,-
1996,Portugal,IPCH,"2,93 %"
1996,Royaume-Uni,IPCH,"2,47 %"
1996,Slovaquie,IPCH,"5,79 %"
1996,Slovénie,IPCH,-
1996,Suède,IPCH,"0,76 %"
1996,Tchéquie,IPCH,"9,12 %"
1996,Turquie,IPCH,-
1995,Afrique du Sud,IPC,"8,73 %"
1995,Allemagne,IPC,"1,71 %"
1995,Autriche,IPC,"2,24 %"
1995,Belgique,IPC,"1,47 %"
1995,Brésil,IPC,"147,98 %"
1995,Canada,IPC,"2,15 %"
1995,Chili,IPC,"8,23 %"
1995,Chine,IPC,"17,07 %"
1995,Corée du Sud,IPC,"4,49 %"
1995,Danemark,IPC,"2,08 %"
1995,Espagne,IPC,"4,68 %"
1995,Etats-Unis,IPC,"2,81 %"
1995,Finlande,IPC,"0,80 %"
1995,France,IPC,"1,80 %"
1995,Grèce,IPC,"8,96 %"
1995,Hongrie,IPC,"28,25 %"
1995,Inde,IPC,"10,22 %"
1995,Indonésie,IPC,"9,43 %"
1995,Irlande,IPC,"2,53 %"
1995,Islande,IPC,"1,65 %"
1995,Israël,IPC,"10,01 %"
1995,Italie,IPC,"5,23 %"
1995,Japon,IPC,"-0,09 %"
1995,Luxembourg,IPC,"1,87 %"
1995,Mexique,IPC,"34,77 %"
1995,Norvège,IPC,"2,46 %"
1995,Pays-Bas,IPC,"1,93 %"
1995,Pologne,IPC,"28,28 %"
1995,Portugal,IPC,"4,23 %"
1995,Royaume-Uni,IPC,"2,70 %"
1995,Russie,IPC,"204,92 %"
1995,Slovaquie,IPC,"9,89 %"
1995,Slovénie,IPC,"13,65 %"
1995,Suède,IPC,"2,46 %"
1995,Suisse,IPC,"1,80 %"
1995,Tchéquie,IPC,"9,01 %"
1995,Turquie,IPC,"92,44 %"
1995,Allemagne,IPCH,-
1995,Autriche,IPCH,"1,62 %"
1995,Belgique,IPCH,"1,27 %"
1995,Danemark,IPCH,"2,05 %"
1995,Espagne,IPCH,"4,58 %"
1995,Europe,IPCH,"2,55 %"
1995,Finlande,IPCH,"0,40 %"
1995,France,IPCH,"1,79 %"
1995,Grèce,IPCH,-
1995,Hongrie,IPCH,-
1995,Irlande,IPCH,-
1995,Islande,IPCH,-
1995,Italie,IPCH,"5,38 %"
1995,Luxembourg,IPCH,-
1995,Pays-Bas,IPCH,"1,38 %"
1995,Portugal,IPCH,"3,97 %"
1995,Royaume-Uni,IPCH,"2,73 %"
1995,Slovaquie,IPCH,-
1995,Suède,IPCH,"2,70 %"
1995,Tchéquie,IPCH,-
1994,Afrique du Sud,IPC,"8,94 %"
1994,Allemagne,IPC,"2,69 %"
1994,Autriche,IPC,"2,95 %"
1994,Belgique,IPC,"2,38 %"
1994,Brésil,IPC,"2951,63 %"
1994,Canada,IPC,"0,17 %"
1994,Chili,IPC,"11,52 %"
1994,Chine,IPC,"24,17 %"
1994,Corée du Sud,IPC,"6,27 %"
1994,Danemark,IPC,"1,99 %"
1994,Espagne,IPC,"4,72 %"
1994,Etats-Unis,IPC,"2,61 %"
1994,Finlande,IPC,"1,09 %"
1994,France,IPC,"1,66 %"
1994,Grèce,IPC,"10,88 %"
1994,Hongrie,IPC,"18,82 %"
1994,Inde,IPC,"10,24 %"
1994,Indonésie,IPC,"8,52 %"
1994,Irlande,IPC,"2,31 %"
1994,Islande,IPC,"1,57 %"
1994,Israël,IPC,"12,23 %"
1994,Italie,IPC,"4,05 %"
1994,Japon,IPC,"0,69 %"
1994,Luxembourg,IPC,"2,20 %"
1994,Mexique,IPC,"6,97 %"
1994,Norvège,IPC,"1,38 %"
1994,Pays-Bas,IPC,"2,80 %"
1994,Pologne,IPC,"33,00 %"
1994,Portugal,IPC,"5,43 %"
1994,Royaume-Uni,IPC,"2,22 %"
1994,Russie,IPC,"412,67 %"
1994,Slovaquie,IPC,"13,48 %"
1994,Slovénie,IPC,"20,99 %"
1994,Suède,IPC,"2,16 %"
1994,Suisse,IPC,"0,86 %"
1994,Tchéquie,IPC,"10,04 %"
1994,Turquie,IPC,"103,17 %"
1994,Autriche,IPCH,"2,70 %"
1994,Belgique,IPCH,"2,39 %"
1994,Danemark,IPCH,"1,81 %"
1994,Espagne,IPCH,"4,63 %"
1994,Europe,IPCH,"2,83 %"
1994,Finlande,IPCH,"1,61 %"
1994,France,IPCH,"1,68 %"
1994,Italie,IPCH,"4,18 %"
1994,Pays-Bas,IPCH,"2,14 %"
1994,Portugal,IPCH,"4,98 %"
1994,Royaume-Uni,IPCH,"1,98 %"
1994,Suède,IPCH,"2,93 %"
1993,Afrique du Sud,IPC,"9,72 %"
1993,Allemagne,IPC,"4,48 %"
1993,Autriche,IPC,"3,63 %"
1993,Belgique,IPC,"2,75 %"
1993,Brésil,IPC,"1638,74 %"
1993,Canada,IPC,"1,87 %"
1993,Chili,IPC,"12,73 %"
1993,Chine,IPC,-
1993,Corée du Sud,IPC,"4,80 %"
1993,Danemark,IPC,"1,26 %"
1993,Espagne,IPC,"4,57 %"
1993,Etats-Unis,IPC,"2,95 %"
1993,Finlande,IPC,"2,19 %"
1993,France,IPC,"2,10 %"
1993,Grèce,IPC,"14,47 %"
1993,Hongrie,IPC,"22,52 %"
1993,Inde,IPC,"6,31 %"
1993,Indonésie,IPC,"9,67 %"
1993,Irlande,IPC,"1,47 %"
1993,Islande,IPC,"4,04 %"
1993,Israël,IPC,"10,93 %"
1993,Italie,IPC,"4,63 %"
1993,Japon,IPC,"1,26 %"
1993,Luxembourg,IPC,"3,59 %"
1993,Mexique,IPC,"9,77 %"
1993,Norvège,IPC,"2,29 %"
1993,Pays-Bas,IPC,"2,58 %"
1993,Pologne,IPC,"37,25 %"
1993,Portugal,IPC,"6,80 %"
1993,Royaume-Uni,IPC,"2,56 %"
1993,Russie,IPC,"839,21 %"
1993,Slovaquie,IPC,"23,24 %"
1993,Slovénie,IPC,"33,96 %"
1993,Suède,IPC,"4,73 %"
1993,Suisse,IPC,"3,30 %"
1993,Tchéquie,IPC,"20,85 %"
1993,Turquie,IPC,"65,64 %"
1993,Autriche,IPCH,"3,23 %"
1993,Belgique,IPCH,"2,49 %"
1993,Danemark,IPCH,"0,90 %"
1993,Espagne,IPCH,"4,87 %"
1993,Europe,IPCH,"3,38 %"
1993,Finlande,IPCH,"3,33 %"
1993,France,IPCH,"2,22 %"
1993,Italie,IPCH,"4,51 %"
1993,Pays-Bas,IPCH,"1,62 %"
1993,Portugal,IPCH,"5,94 %"
1993,Royaume-Uni,IPCH,"2,53 %"
1993,Suède,IPCH,"4,72 %"
1992,Afrique du Sud,IPC,"13,96 %"
1992,Allemagne,IPC,"5,07 %"
1992,Autriche,IPC,"4,02 %"
1992,Belgique,IPC,"2,43 %"
1992,Brésil,IPC,"854,63 %"
1992,Canada,IPC,"1,49 %"
1992,Chili,IPC,"15,54 %"
1992,Corée du Sud,IPC,"6,23 %"
1992,Danemark,IPC,"2,10 %"
1992,Espagne,IPC,"5,93 %"
1992,Etats-Unis,IPC,"3,03 %"
1992,Finlande,IPC,"2,92 %"
1992,France,IPC,"2,37 %"
1992,Grèce,IPC,"15,93 %"
1992,Hongrie,IPC,"23,72 %"
1992,Inde,IPC,"11,88 %"
1992,Indonésie,IPC,"7,59 %"
1992,Irlande,IPC,"3,08 %"
1992,Islande,IPC,"4,01 %"
1992,Israël,IPC,"12,21 %"
1992,Italie,IPC,"5,28 %"
1992,Japon,IPC,"1,73 %"
1992,Luxembourg,IPC,"3,16 %"
1992,Mexique,IPC,"15,58 %"
1992,Norvège,IPC,"2,33 %"
1992,Pays-Bas,IPC,"3,19 %"
1992,Pologne,IPC,"46,19 %"
1992,Portugal,IPC,"9,56 %"
1992,Royaume-Uni,IPC,"4,62 %"
1992,Russie,IPC,-
1992,Slovaquie,IPC,"10,20 %"
1992,Slovénie,IPC,"237,96 %"
1992,Suède,IPC,"2,39 %"
1992,Suisse,IPC,"4,04 %"
1992,Tchéquie,IPC,"11,23 %"
1992,Turquie,IPC,"70,62 %"
1992,Autriche,IPCH,"3,44 %"
1992,Belgique,IPCH,"2,25 %"
1992,Danemark,IPCH,"1,96 %"
1992,Espagne,IPCH,-
1992,Europe,IPCH,"3,78 %"
1992,Finlande,IPCH,"3,25 %"
1992,France,IPCH,"2,46 %"
1992,Italie,IPCH,"4,98 %"
1992,Pays-Bas,IPCH,"2,84 %"
1992,Portugal,IPCH,"8,86 %"
1992,Royaume-Uni,IPCH,"4,28 %"
1992,Suède,IPCH,"1,36 %"
1991,Afrique du Sud,IPC,"15,31 %"
1991,Allemagne,IPC,"4,04 %"
1991,Autriche,IPC,"3,34 %"
1991,Belgique,IPC,"3,22 %"
1991,Brésil,IPC,"492,28 %"
1991,Canada,IPC,"5,64 %"
1991,Chili,IPC,"21,98 %"
1991,Corée du Sud,IPC,"9,34 %"
1991,Danemark,IPC,"2,40 %"
1991,Espagne,IPC,"5,94 %"
1991,Etats-Unis,IPC,"4,25 %"
1991,Finlande,IPC,"4,32 %"
1991,France,IPC,"3,22 %"
1991,Grèce,IPC,"19,56 %"
1991,Hongrie,IPC,"34,85 %"
1991,Inde,IPC,"13,88 %"
1991,Indonésie,IPC,"9,42 %"
1991,Irlande,IPC,"3,21 %"
1991,Islande,IPC,"6,80 %"
1991,Israël,IPC,"19,12 %"
1991,Italie,IPC,"6,25 %"
1991,Japon,IPC,"3,28 %"
1991,Luxembourg,IPC,"3,12 %"
1991,Mexique,IPC,"22,84 %"
1991,Norvège,IPC,"3,44 %"
1991,Pays-Bas,IPC,"3,16 %"
1991,Pologne,IPC,"79,05 %"
1991,Portugal,IPC,"11,89 %"
1991,Royaume-Uni,IPC,"7,48 %"
1991,Slovaquie,IPC,-
1991,Slovénie,IPC,"109,33 %"
1991,Suède,IPC,"9,48 %"
1991,Suisse,IPC,"5,86 %"
1991,Tchéquie,IPC,-
1991,Turquie,IPC,"65,69 %"
1991,Autriche,IPCH,"3,11 %"
1991,Belgique,IPCH,-
1991,Danemark,IPCH,"2,17 %"
1991,Europe,IPCH,"4,32 %"
1991,Finlande,IPCH,"4,56 %"
1991,France,IPCH,"3,41 %"
1991,Italie,IPCH,"6,22 %"
1991,Pays-Bas,IPCH,"3,16 %"
1991,Portugal,IPCH,"11,47 %"
1991,Royaume-Uni,IPCH,"7,54 %"
1991,Suède,IPCH,"8,84 %"
1990,Afrique du Sud,IPC,"14,33 %"
1990,Allemagne,IPC,"2,70 %"
1990,Autriche,IPC,"3,26 %"
1990,Belgique,IPC,"3,45 %"
1990,Brésil,IPC,"4116,26 %"
1990,Canada,IPC,"4,78 %"
1990,Chili,IPC,"25,91 %"
1990,Corée du Sud,IPC,"8,57 %"
1990,Danemark,IPC,"2,65 %"
1990,Espagne,IPC,"6,72 %"
1990,Etats-Unis,IPC,"5,39 %"
1990,Finlande,IPC,"6,16 %"
1990,France,IPC,"3,19 %"
1990,Grèce,IPC,"20,32 %"
1990,Hongrie,IPC,"28,26 %"
1990,Inde,IPC,"8,92 %"
1990,Indonésie,IPC,"7,80 %"
1990,Irlande,IPC,"3,33 %"
1990,Islande,IPC,"15,86 %"
1990,Israël,IPC,"17,13 %"
1990,Italie,IPC,"6,45 %"
1990,Japon,IPC,"3,07 %"
1990,Luxembourg,IPC,"3,25 %"
1990,Mexique,IPC,"26,54 %"
1990,Norvège,IPC,"4,13 %"
1990,Pays-Bas,IPC,"2,45 %"
1990,Pologne,IPC,"787,09 %"
1990,Portugal,IPC,"13,62 %"
1990,Royaume-Uni,IPC,"8,04 %"
1990,Slovénie,IPC,"1468,53 %"
1990,Suède,IPC,"10,35 %"
1990,Suisse,IPC,"5,40 %"
1990,Turquie,IPC,"60,36 %"
1990,Autriche,IPCH,-
1990,Danemark,IPCH,-
1990,Europe,IPCH,-
1990,Finlande,IPCH,-
1990,France,IPCH,-
1990,Italie,IPCH,-
1990,Pays-Bas,IPCH,-
1990,Portugal,IPCH,-
1990,Royaume-Uni,IPCH,-
1990,Suède,IPCH,-
1989,Afrique du Sud,IPC,"14,71 %"
1989,Allemagne,IPC,"2,78 %"
1989,Autriche,IPC,"2,57 %"
1989,Belgique,IPC,"3,10 %"
1989,Brésil,IPC,"1232,71 %"
1989,Canada,IPC,"4,98 %"
1989,Chili,IPC,"16,93 %"
1989,Corée du Sud,IPC,"5,70 %"
1989,Danemark,IPC,"4,77 %"
1989,Espagne,IPC,"6,79 %"
1989,Etats-Unis,IPC,"4,83 %"
1989,Finlande,IPC,"6,59 %"
1989,France,IPC,"3,50 %"
1989,Grèce,IPC,"13,65 %"
1989,Hongrie,IPC,"17,13 %"
1989,Inde,IPC,"7,11 %"
1989,Indonésie,IPC,"6,42 %"
1989,Irlande,IPC,"4,09 %"
1989,Islande,IPC,"20,73 %"
1989,Israël,IPC,"20,36 %"
1989,Italie,IPC,"6,26 %"
1989,Japon,IPC,"2,29 %"
1989,Luxembourg,IPC,"3,37 %"
1989,Mexique,IPC,"20,32 %"
1989,Norvège,IPC,"4,55 %"
1989,Pays-Bas,IPC,"1,08 %"
1989,Pologne,IPC,-
1989,Portugal,IPC,"12,69 %"
1989,Royaume-Uni,IPC,"5,76 %"
1989,Slovénie,IPC,"984,10 %"
1989,Suède,IPC,"6,44 %"
1989,Suisse,IPC,"3,15 %"
1989,Turquie,IPC,"63,13 %"
1988,Afrique du Sud,IPC,"12,80 %"
1988,Allemagne,IPC,"1,27 %"
1988,Autriche,IPC,"1,92 %"
1988,Belgique,IPC,"1,16 %"
1988,Brésil,IPC,"554,19 %"
1988,Canada,IPC,"4,03 %"
1988,Chili,IPC,"14,84 %"
1988,Corée du Sud,IPC,"7,15 %"
1988,Danemark,IPC,"4,54 %"
1988,Espagne,IPC,"4,83 %"
1988,Etats-Unis,IPC,"4,08 %"
1988,Finlande,IPC,"5,08 %"
1988,France,IPC,"2,70 %"
1988,Grèce,IPC,"13,52 %"
1988,Hongrie,IPC,"15,75 %"
1988,Inde,IPC,"9,39 %"
1988,Indonésie,IPC,"8,07 %"
1988,Irlande,IPC,"2,13 %"
1988,Islande,IPC,"25,77 %"
1988,Israël,IPC,"16,38 %"
1988,Italie,IPC,"5,06 %"
1988,Japon,IPC,"0,65 %"
1988,Luxembourg,IPC,"1,44 %"
1988,Mexique,IPC,"125,43 %"
1988,Norvège,IPC,"6,68 %"
1988,Pays-Bas,IPC,"0,74 %"
1988,Portugal,IPC,"10,08 %"
1988,Royaume-Uni,IPC,"4,15 %"
1988,Slovénie,IPC,"191,32 %"
1988,Suède,IPC,"5,82 %"
1988,Suisse,IPC,"1,87 %"
1988,Turquie,IPC,"68,60 %"
1987,Afrique du Sud,IPC,"16,19 %"
1987,Allemagne,IPC,"0,25 %"
1987,Autriche,IPC,"1,40 %"
1987,Belgique,IPC,"1,55 %"
1987,Brésil,IPC,"218,52 %"
1987,Canada,IPC,"4,36 %"
1987,Chili,IPC,"19,81 %"
1987,Corée du Sud,IPC,"3,05 %"
1987,Danemark,IPC,"4,03 %"
1987,Espagne,IPC,"5,26 %"
1987,Etats-Unis,IPC,"3,66 %"
1987,Finlande,IPC,"4,11 %"
1987,France,IPC,"3,29 %"
1987,Grèce,IPC,"16,42 %"
1987,Hongrie,IPC,"8,66 %"
1987,Inde,IPC,"8,79 %"
1987,Indonésie,IPC,"9,28 %"
1987,Irlande,IPC,"3,16 %"
1987,Islande,IPC,"18,19 %"
1987,Israël,IPC,"19,19 %"
1987,Italie,IPC,"4,74 %"
1987,Japon,IPC,"0,13 %"
1987,Luxembourg,IPC,"-0,06 %"
1987,Mexique,IPC,"128,89 %"
1987,Norvège,IPC,"8,75 %"
1987,Pays-Bas,IPC,"-0,69 %"
1987,Portugal,IPC,"9,64 %"
1987,Royaume-Uni,IPC,"4,15 %"
1987,Slovénie,IPC,"126,75 %"
1987,Suède,IPC,"4,18 %"
1987,Suisse,IPC,"1,44 %"
1987,Turquie,IPC,"38,50 %"
1986,Afrique du Sud,IPC,"18,66 %"
1986,Allemagne,IPC,"-0,13 %"
1986,Autriche,IPC,"1,71 %"
1986,Belgique,IPC,"1,30 %"
1986,Brésil,IPC,"167,80 %"
1986,Canada,IPC,"4,19 %"
1986,Chili,IPC,"19,67 %"
1986,Corée du Sud,IPC,"2,76 %"
1986,Danemark,IPC,"3,67 %"
1986,Espagne,IPC,"8,80 %"
1986,Etats-Unis,IPC,"1,91 %"
1986,Finlande,IPC,"2,94 %"
1986,France,IPC,"2,55 %"
1986,Grèce,IPC,"23,15 %"
1986,Hongrie,IPC,"5,30 %"
1986,Inde,IPC,"8,72 %"
1986,Indonésie,IPC,"5,82 %"
1986,Irlande,IPC,"3,84 %"
1986,Islande,IPC,"22,64 %"
1986,Israël,IPC,"64,15 %"
1986,Italie,IPC,"5,85 %"
1986,Japon,IPC,"0,61 %"
1986,Luxembourg,IPC,"0,31 %"
1986,Mexique,IPC,"84,47 %"
1986,Norvège,IPC,"7,16 %"
1986,Pays-Bas,IPC,"0,09 %"
1986,Portugal,IPC,"12,35 %"
1986,Royaume-Uni,IPC,"3,44 %"
1986,Slovénie,IPC,"94,98 %"
1986,Suède,IPC,"4,25 %"
1986,Suisse,IPC,"0,75 %"
1986,Turquie,IPC,"34,85 %"
1985,Afrique du Sud,IPC,"16,26 %"
1985,Allemagne,IPC,"2,07 %"
1985,Autriche,IPC,"3,19 %"
1985,Belgique,IPC,"4,87 %"
1985,Brésil,IPC,"224,65 %"
1985,Canada,IPC,"3,96 %"
1985,Chili,IPC,"30,81 %"
1985,Corée du Sud,IPC,"2,46 %"
1985,Danemark,IPC,"4,69 %"
1985,Espagne,IPC,"8,83 %"
1985,Etats-Unis,IPC,"3,55 %"
1985,Finlande,IPC,"5,21 %"
1985,France,IPC,"5,84 %"
1985,Grèce,IPC,"19,24 %"
1985,Hongrie,IPC,"6,94 %"
1985,Inde,IPC,"5,55 %"
1985,Indonésie,IPC,"4,72 %"
1985,Irlande,IPC,"5,40 %"
1985,Islande,IPC,"31,80 %"
1985,Israël,IPC,"350,95 %"
1985,Italie,IPC,"9,21 %"
1985,Japon,IPC,"2,04 %"
1985,Luxembourg,IPC,"4,09 %"
1985,Mexique,IPC,"57,68 %"
1985,Norvège,IPC,"5,72 %"
1985,Pays-Bas,IPC,"2,26 %"
1985,Portugal,IPC,"19,64 %"
1985,Royaume-Uni,IPC,"6,07 %"
1985,Slovénie,IPC,"78,83 %"
1985,Suède,IPC,"7,39 %"
1985,Suisse,IPC,"3,44 %"
1985,Turquie,IPC,"45,54 %"
1984,Afrique du Sud,IPC,"11,50 %"
1984,Allemagne,IPC,"2,41 %"
1984,Autriche,IPC,"5,67 %"
1984,Belgique,IPC,"6,36 %"
1984,Brésil,IPC,"188,49 %"
1984,Canada,IPC,"4,31 %"
1984,Chili,IPC,"19,85 %"
1984,Corée du Sud,IPC,"2,27 %"
1984,Danemark,IPC,"6,29 %"
1984,Espagne,IPC,"11,30 %"
1984,Etats-Unis,IPC,"4,30 %"
1984,Finlande,IPC,"7,09 %"
1984,France,IPC,"7,69 %"
1984,Grèce,IPC,"18,48 %"
1984,Hongrie,IPC,"8,47 %"
1984,Inde,IPC,"8,43 %"
1984,Indonésie,IPC,"10,49 %"
1984,Irlande,IPC,"8,69 %"
1984,Islande,IPC,"33,91 %"
1984,Israël,IPC,"345,56 %"
1984,Italie,IPC,"10,83 %"
1984,Japon,IPC,"2,25 %"
1984,Luxembourg,IPC,"6,47 %"
1984,Mexique,IPC,"66,16 %"
1984,Norvège,IPC,"6,22 %"
1984,Pays-Bas,IPC,"3,30 %"
1984,Portugal,IPC,"28,58 %"
1984,Royaume-Uni,IPC,"4,96 %"
1984,Slovénie,IPC,"53,81 %"
1984,Suède,IPC,"8,05 %"
1984,Suisse,IPC,"2,93 %"
1984,Turquie,IPC,"48,01 %"
1983,Afrique du Sud,IPC,"12,35 %"
1983,Allemagne,IPC,"3,30 %"
1983,Autriche,IPC,"3,34 %"
1983,Belgique,IPC,"7,68 %"
1983,Brésil,IPC,"131,13 %"
1983,Canada,IPC,"5,89 %"
1983,Chili,IPC,"27,36 %"
1983,Corée du Sud,IPC,"3,44 %"
1983,Danemark,IPC,"6,94 %"
1983,Espagne,IPC,"12,19 %"
1983,Etats-Unis,IPC,"3,22 %"
1983,Finlande,IPC,"8,36 %"
1983,France,IPC,"9,46 %"
1983,Grèce,IPC,"20,19 %"
1983,Hongrie,IPC,"7,30 %"
1983,Inde,IPC,"11,83 %"
1983,Indonésie,IPC,"11,79 %"
1983,Irlande,IPC,"10,48 %"
1983,Islande,IPC,"83,39 %"
1983,Israël,IPC,"142,43 %"
1983,Italie,IPC,"14,71 %"
1983,Japon,IPC,"1,88 %"
1983,Luxembourg,IPC,"8,69 %"
1983,Mexique,IPC,"104,15 %"
1983,Norvège,IPC,"8,49 %"
1983,Pays-Bas,IPC,"2,74 %"
1983,Portugal,IPC,"23,85 %"
1983,Royaume-Uni,IPC,"4,61 %"
1983,Slovénie,IPC,"39,61 %"
1983,Suède,IPC,"8,87 %"
1983,Suisse,IPC,"2,98 %"
1983,Turquie,IPC,"31,23 %"
1982,Afrique du Sud,IPC,"14,67 %"
1982,Allemagne,IPC,"5,25 %"
1982,Autriche,IPC,"5,44 %"
1982,Belgique,IPC,"8,72 %"
1982,Brésil,IPC,"100,08 %"
1982,Canada,IPC,"10,79 %"
1982,Chili,IPC,"9,84 %"
1982,Corée du Sud,IPC,"7,32 %"
1982,Danemark,IPC,"10,15 %"
1982,Espagne,IPC,"14,43 %"
1982,Etats-Unis,IPC,"6,16 %"
1982,Finlande,IPC,"9,61 %"
1982,France,IPC,"12,05 %"
1982,Grèce,IPC,"21,02 %"
1982,Hongrie,IPC,"6,83 %"
1982,Inde,IPC,"7,93 %"
1982,Indonésie,IPC,"9,45 %"
1982,Irlande,IPC,"17,30 %"
1982,Islande,IPC,"49,60 %"
1982,Israël,IPC,"118,25 %"
1982,Italie,IPC,"16,48 %"
1982,Japon,IPC,"2,75 %"
1982,Luxembourg,IPC,"9,34 %"
1982,Mexique,IPC,"57,49 %"
1982,Norvège,IPC,"11,35 %"
1982,Pays-Bas,IPC,"5,93 %"
1982,Portugal,IPC,"21,82 %"
1982,Royaume-Uni,IPC,"8,66 %"
1982,Slovénie,IPC,"30,03 %"
1982,Suède,IPC,"8,59 %"
1982,Suisse,IPC,"5,65 %"
1982,Turquie,IPC,"29,27 %"
1981,Afrique du Sud,IPC,"15,28 %"
1981,Allemagne,IPC,"6,34 %"
1981,Autriche,IPC,"6,81 %"
1981,Belgique,IPC,"7,62 %"
1981,Brésil,IPC,"102,00 %"
1981,Canada,IPC,"12,47 %"
1981,Chili,IPC,"20,19 %"
1981,Corée du Sud,IPC,"21,57 %"
1981,Danemark,IPC,"11,76 %"
1981,Espagne,IPC,"14,56 %"
1981,Etats-Unis,IPC,"10,35 %"
1981,Finlande,IPC,"11,34 %"
1981,France,IPC,"13,29 %"
1981,Grèce,IPC,"24,56 %"
1981,Hongrie,IPC,"4,66 %"
1981,Inde,IPC,"13,11 %"
1981,Indonésie,IPC,"12,44 %"
1981,Irlande,IPC,"20,34 %"
1981,Islande,IPC,"52,30 %"
1981,Israël,IPC,"119,57 %"
1981,Italie,IPC,"17,99 %"
1981,Japon,IPC,"4,95 %"
1981,Luxembourg,IPC,"8,06 %"
1981,Mexique,IPC,"27,93 %"
1981,Norvège,IPC,"13,67 %"
1981,Pays-Bas,IPC,"6,74 %"
1981,Portugal,IPC,"18,94 %"
1981,Royaume-Uni,IPC,"11,89 %"
1981,Slovénie,IPC,"42,95 %"
1981,Suède,IPC,"12,14 %"
1981,Suisse,IPC,"6,48 %"
1981,Turquie,IPC,"38,65 %"
1980,Afrique du Sud,IPC,"13,65 %"
1980,Allemagne,IPC,"5,44 %"
1980,Autriche,IPC,"6,32 %"
1980,Belgique,IPC,"6,64 %"
1980,Brésil,IPC,-
1980,Canada,IPC,"10,11 %"
1980,Chili,IPC,"35,49 %"
1980,Corée du Sud,IPC,"28,60 %"
1980,Danemark,IPC,"12,36 %"
1980,Espagne,IPC,"15,59 %"
1980,Etats-Unis,IPC,"13,58 %"
1980,Finlande,IPC,"11,56 %"
1980,France,IPC,"13,56 %"
1980,Grèce,IPC,"24,64 %"
1980,Hongrie,IPC,-
1980,Inde,IPC,"11,38 %"
1980,Indonésie,IPC,"18,16 %"
1980,Irlande,IPC,"18,13 %"
1980,Islande,IPC,"58,98 %"
1980,Israël,IPC,"129,83 %"
1980,Italie,IPC,"21,06 %"
1980,Japon,IPC,"7,77 %"
1980,Luxembourg,IPC,"6,30 %"
1980,Mexique,IPC,"26,24 %"
1980,Norvège,IPC,"10,85 %"
1980,Pays-Bas,IPC,"6,51 %"
1980,Portugal,IPC,"16,07 %"
1980,Royaume-Uni,IPC,"18,07 %"
1980,Slovénie,IPC,-
1980,Suède,IPC,"13,69 %"
1980,Suisse,IPC,"4,03 %"
1980,Turquie,IPC,"97,09 %"
1979,Afrique du Sud,IPC,"13,27 %"
1979,Allemagne,IPC,"4,04 %"
1979,Autriche,IPC,"3,71 %"
1979,Belgique,IPC,"4,46 %"
1979,Canada,IPC,"9,14 %"
1979,Chili,IPC,"33,14 %"
1979,Corée du Sud,IPC,"18,28 %"
1979,Danemark,IPC,"9,57 %"
1979,Espagne,IPC,"15,68 %"
1979,Etats-Unis,IPC,"11,22 %"
1979,Finlande,IPC,"7,46 %"
1979,France,IPC,"10,63 %"
1979,Grèce,IPC,"19,02 %"
1979,Inde,IPC,"6,23 %"
1979,Indonésie,IPC,"16,16 %"
1979,Irlande,IPC,"13,25 %"
1979,Islande,IPC,"43,82 %"
1979,Israël,IPC,"76,09 %"
1979,Italie,IPC,"14,74 %"
1979,Japon,IPC,"3,73 %"
1979,Luxembourg,IPC,"4,54 %"
1979,Mexique,IPC,"18,17 %"
1979,Norvège,IPC,"4,52 %"
1979,Pays-Bas,IPC,"4,20 %"
1979,Portugal,IPC,"21,92 %"
1979,Royaume-Uni,IPC,"13,35 %"
1979,Suède,IPC,"7,19 %"
1979,Suisse,IPC,"3,65 %"
1979,Turquie,IPC,"62,11 %"
1978,Afrique du Sud,IPC,"11,11 %"
1978,Allemagne,IPC,"2,72 %"
1978,Autriche,IPC,"3,58 %"
1978,Belgique,IPC,"4,48 %"
1978,Canada,IPC,"8,97 %"
1978,Chili,IPC,"41,09 %"
1978,Corée du Sud,IPC,"14,42 %"
1978,Danemark,IPC,"10,28 %"
1978,Espagne,IPC,"19,98 %"
1978,Etats-Unis,IPC,"7,62 %"
1978,Finlande,IPC,"7,83 %"
1978,France,IPC,"9,25 %"
1978,Grèce,IPC,"12,60 %"
1978,Inde,IPC,"2,54 %"
1978,Indonésie,IPC,"8,16 %"
1978,Irlande,IPC,"7,71 %"
1978,Islande,IPC,"43,64 %"
1978,Israël,IPC,"50,62 %"
1978,Italie,IPC,"12,11 %"
1978,Japon,IPC,"4,20 %"
1978,Luxembourg,IPC,"3,10 %"
1978,Mexique,IPC,"17,50 %"
1978,Norvège,IPC,"8,17 %"
1978,Pays-Bas,IPC,"4,12 %"
1978,Portugal,IPC,"21,06 %"
1978,Royaume-Uni,IPC,"8,28 %"
1978,Suède,IPC,"10,08 %"
1978,Suisse,IPC,"1,03 %"
1978,Turquie,IPC,"61,96 %"
1977,Afrique du Sud,IPC,"11,16 %"
1977,Allemagne,IPC,"3,74 %"
1977,Autriche,IPC,"5,51 %"
1977,Belgique,IPC,"7,11 %"
1977,Canada,IPC,"7,96 %"
1977,Chili,IPC,"100,92 %"
1977,Corée du Sud,IPC,"10,10 %"
1977,Danemark,IPC,"10,92 %"
1977,Espagne,IPC,"24,44 %"
1977,Etats-Unis,IPC,"6,50 %"
1977,Finlande,IPC,"11,80 %"
1977,France,IPC,"9,49 %"
1977,Grèce,IPC,"12,36 %"
1977,Inde,IPC,"8,31 %"
1977,Indonésie,IPC,"11,10 %"
1977,Irlande,IPC,"13,56 %"
1977,Islande,IPC,"30,46 %"
1977,Israël,IPC,"34,42 %"
1977,Italie,IPC,"17,25 %"
1977,Japon,IPC,"8,18 %"
1977,Luxembourg,IPC,"6,73 %"
1977,Mexique,IPC,"29,30 %"
1977,Norvège,IPC,"9,10 %"
1977,Pays-Bas,IPC,"6,42 %"
1977,Portugal,IPC,"31,58 %"
1977,Royaume-Uni,IPC,"15,89 %"
1977,Suède,IPC,"11,41 %"
1977,Suisse,IPC,"1,30 %"
1977,Turquie,IPC,"25,57 %"
1976,Afrique du Sud,IPC,"11,03 %"
1976,Allemagne,IPC,"4,25 %"
1976,Autriche,IPC,"7,32 %"
1976,Belgique,IPC,"9,10 %"
1976,Canada,IPC,"7,59 %"
1976,Chili,IPC,"229,47 %"
1976,Corée du Sud,IPC,"15,67 %"
1976,Danemark,IPC,"8,99 %"
1976,Espagne,IPC,"17,56 %"
1976,Etats-Unis,IPC,"5,76 %"
1976,Finlande,IPC,"14,41 %"
1976,France,IPC,"9,62 %"
1976,Grèce,IPC,"13,07 %"
1976,Inde,IPC,"-7,57 %"
1976,Indonésie,IPC,"19,91 %"
1976,Irlande,IPC,"18,52 %"
1976,Islande,IPC,"32,21 %"
1976,Israël,IPC,"31,05 %"
1976,Italie,IPC,"16,53 %"
1976,Japon,IPC,"9,38 %"
1976,Luxembourg,IPC,"9,83 %"
1976,Mexique,IPC,"15,71 %"
1976,Norvège,IPC,"9,18 %"
1976,Pays-Bas,IPC,"8,84 %"
1976,Portugal,IPC,"21,00 %"
1976,Royaume-Uni,IPC,"16,77 %"
1976,Suède,IPC,"10,27 %"
1976,Suisse,IPC,"1,72 %"
1976,Turquie,IPC,"17,45 %"
1975,Afrique du Sud,IPC,"13,46 %"
1975,Allemagne,IPC,"5,91 %"
1975,Autriche,IPC,"8,46 %"
1975,Belgique,IPC,"12,84 %"
1975,Canada,IPC,"10,69 %"
1975,Chili,IPC,"380,24 %"
1975,Corée du Sud,IPC,"25,16 %"
1975,Danemark,IPC,"9,74 %"
1975,Espagne,IPC,"17,02 %"
1975,Etats-Unis,IPC,"9,19 %"
1975,Finlande,IPC,"17,83 %"
1975,France,IPC,"11,75 %"
1975,Grèce,IPC,"13,61 %"
1975,Inde,IPC,"6,62 %"
1975,Indonésie,IPC,"19,19 %"
1975,Irlande,IPC,"20,72 %"
1975,Islande,IPC,"49,76 %"
1975,Israël,IPC,"40,02 %"
1975,Italie,IPC,"17,24 %"
1975,Japon,IPC,"11,85 %"
1975,Luxembourg,IPC,"10,71 %"
1975,Mexique,IPC,"15,02 %"
1975,Norvège,IPC,"11,68 %"
1975,Pays-Bas,IPC,"10,23 %"
1975,Portugal,IPC,"15,35 %"
1975,Royaume-Uni,IPC,"24,11 %"
1975,Suède,IPC,"9,79 %"
1975,Suisse,IPC,"6,74 %"
1975,Turquie,IPC,"21,47 %"
1974,Afrique du Sud,IPC,"11,70 %"
1974,Allemagne,IPC,"6,99 %"
1974,Autriche,IPC,"9,52 %"
1974,Belgique,IPC,"12,63 %"
1974,Canada,IPC,"10,97 %"
1974,Chili,IPC,"586,06 %"
1974,Corée du Sud,IPC,"24,24 %"
1974,Danemark,IPC,"15,24 %"
1974,Espagne,IPC,"15,66 %"
1974,Etats-Unis,IPC,"11,03 %"
1974,Finlande,IPC,"16,91 %"
1974,France,IPC,"13,61 %"
1974,Grèce,IPC,"27,16 %"
1974,Inde,IPC,"28,52 %"
1974,Indonésie,IPC,"40,94 %"
1974,Irlande,IPC,"16,91 %"
1974,Islande,IPC,"42,06 %"
1974,Israël,IPC,"39,33 %"
1974,Italie,IPC,"19,04 %"
1974,Japon,IPC,"23,22 %"
1974,Luxembourg,IPC,"9,52 %"
1974,Mexique,IPC,"23,86 %"
1974,Norvège,IPC,"9,41 %"
1974,Pays-Bas,IPC,"9,57 %"
1974,Portugal,IPC,"25,12 %"
1974,Royaume-Uni,IPC,"15,99 %"
1974,Suède,IPC,"9,90 %"
1974,Suisse,IPC,"9,79 %"
1974,Turquie,IPC,"23,88 %"
1973,Afrique du Sud,IPC,"9,45 %"
1973,Allemagne,IPC,"7,03 %"
1973,Autriche,IPC,"7,54 %"
1973,Belgique,IPC,"6,96 %"
1973,Canada,IPC,"7,47 %"
1973,Chili,IPC,"311,11 %"
1973,Corée du Sud,IPC,"3,27 %"
1973,Danemark,IPC,"9,27 %"
1973,Espagne,IPC,"11,37 %"
1973,Etats-Unis,IPC,"6,16 %"
1973,Finlande,IPC,"10,71 %"
1973,France,IPC,"7,37 %"
1973,Grèce,IPC,"15,28 %"
1973,Inde,IPC,"16,79 %"
1973,Indonésie,IPC,"31,15 %"
1973,Irlande,IPC,"11,40 %"
1973,Islande,IPC,"21,21 %"
1973,Israël,IPC,"19,92 %"
1973,Italie,IPC,"10,78 %"
1973,Japon,IPC,"11,55 %"
1973,Luxembourg,IPC,"6,07 %"
1973,Mexique,IPC,"12,01 %"
1973,Norvège,IPC,"7,42 %"
1973,Pays-Bas,IPC,"8,02 %"
1973,Portugal,IPC,"12,93 %"
1973,Royaume-Uni,IPC,"9,18 %"
1973,Suède,IPC,"6,71 %"
1973,Suisse,IPC,"8,73 %"
1973,Turquie,IPC,"13,85 %"
1972,Afrique du Sud,IPC,"6,42 %"
1972,Allemagne,IPC,"5,48 %"
1972,Autriche,IPC,"6,35 %"
1972,Belgique,IPC,"5,44 %"
1972,Canada,IPC,"4,99 %"
1972,Chili,IPC,"75,21 %"
1972,Corée du Sud,IPC,"11,69 %"
1972,Danemark,IPC,"6,56 %"
1972,Espagne,IPC,"8,27 %"
1972,Etats-Unis,IPC,"3,27 %"
1972,Finlande,IPC,"6,67 %"
1972,France,IPC,"6,06 %"
1972,Grèce,IPC,"4,33 %"
1972,Inde,IPC,"6,43 %"
1972,Indonésie,IPC,"6,55 %"
1972,Irlande,IPC,"8,61 %"
1972,Islande,IPC,"9,79 %"
1972,Israël,IPC,"12,90 %"
1972,Italie,IPC,"5,74 %"
1972,Japon,IPC,"4,86 %"
1972,Luxembourg,IPC,"5,22 %"
1972,Mexique,IPC,"4,94 %"
1972,Norvège,IPC,"7,25 %"
1972,Pays-Bas,IPC,"7,80 %"
1972,Portugal,IPC,"10,78 %"
1972,Royaume-Uni,IPC,"7,08 %"
1972,Suède,IPC,"6,01 %"
1972,Suisse,IPC,"6,66 %"
1972,Turquie,IPC,"15,70 %"
1971,Afrique du Sud,IPC,"5,95 %"
1971,Allemagne,IPC,"5,24 %"
1971,Autriche,IPC,"4,70 %"
1971,Belgique,IPC,"4,34 %"
1971,Canada,IPC,"2,70 %"
1971,Chili,IPC,"20,23 %"
1971,Corée du Sud,IPC,"13,57 %"
1971,Danemark,IPC,"5,88 %"
1971,Espagne,IPC,"8,24 %"
1971,Etats-Unis,IPC,"4,30 %"
1971,Finlande,IPC,"6,46 %"
1971,France,IPC,"5,39 %"
1971,Grèce,IPC,"3,29 %"
1971,Inde,IPC,"3,07 %"
1971,Indonésie,IPC,"4,24 %"
1971,Irlande,IPC,"8,98 %"
1971,Islande,IPC,"6,91 %"
1971,Israël,IPC,"11,97 %"
1971,Italie,IPC,"4,79 %"
1971,Japon,IPC,"6,38 %"
1971,Luxembourg,IPC,"4,67 %"
1971,Mexique,IPC,"5,47 %"
1971,Norvège,IPC,"6,24 %"
1971,Pays-Bas,IPC,"7,47 %"
1971,Portugal,IPC,"11,91 %"
1971,Royaume-Uni,IPC,"9,44 %"
1971,Suède,IPC,"7,41 %"
1971,Suisse,IPC,"6,57 %"
1971,Turquie,IPC,"18,89 %"
1970,Afrique du Sud,IPC,"4,98 %"
1970,Allemagne,IPC,"3,45 %"
1970,Autriche,IPC,"4,37 %"
1970,Belgique,IPC,"3,91 %"
1970,Canada,IPC,"3,36 %"
1970,Chili,IPC,-
1970,Corée du Sud,IPC,"16,00 %"
1970,Danemark,IPC,"6,50 %"
1970,Espagne,IPC,"5,72 %"
1970,Etats-Unis,IPC,"5,84 %"
1970,Finlande,IPC,"2,74 %"
1970,France,IPC,"5,30 %"
1970,Grèce,IPC,"2,84 %"
1970,Inde,IPC,"5,09 %"
1970,Indonésie,IPC,"12,47 %"
1970,Irlande,IPC,"8,19 %"
1970,Islande,IPC,"13,37 %"
1970,Israël,IPC,-
1970,Italie,IPC,"4,97 %"
1970,Japon,IPC,"6,78 %"
1970,Luxembourg,IPC,"4,64 %"
1970,Mexique,IPC,"5,01 %"
1970,Norvège,IPC,"10,63 %"
1970,Pays-Bas,IPC,"3,66 %"
1970,Portugal,IPC,"6,42 %"
1970,Royaume-Uni,IPC,"6,36 %"
1970,Suède,IPC,"7,01 %"
1970,Suisse,IPC,"3,61 %"
1970,Turquie,IPC,"7,91 %"
1969,Afrique du Sud,IPC,"3,24 %"
1969,Allemagne,IPC,"1,91 %"
1969,Autriche,IPC,"3,08 %"
1969,Belgique,IPC,"3,75 %"
1969,Canada,IPC,"4,56 %"
1969,Corée du Sud,IPC,"12,35 %"
1969,Danemark,IPC,"3,49 %"
1969,Espagne,IPC,"2,16 %"
1969,Etats-Unis,IPC,"5,46 %"
1969,Finlande,IPC,"2,22 %"
1969,France,IPC,"6,05 %"
1969,Grèce,IPC,"2,64 %"
1969,Inde,IPC,"-0,56 %"
1969,Indonésie,IPC,"16,52 %"
1969,Irlande,IPC,"7,42 %"
1969,Islande,IPC,"21,76 %"
1969,Italie,IPC,"2,66 %"
1969,Japon,IPC,"5,24 %"
1969,Luxembourg,IPC,"2,29 %"
1969,Mexique,IPC,-
1969,Norvège,IPC,"2,96 %"
1969,Pays-Bas,IPC,"7,42 %"
1969,Portugal,IPC,"8,77 %"
1969,Royaume-Uni,IPC,"5,45 %"
1969,Suède,IPC,"2,69 %"
1969,Suisse,IPC,"2,49 %"
1969,Turquie,IPC,"4,93 %"
1968,Afrique du Sud,IPC,"1,99 %"
1968,Allemagne,IPC,"1,47 %"
1968,Autriche,IPC,"2,76 %"
1968,Belgique,IPC,"2,70 %"
1968,Canada,IPC,"4,06 %"
1968,Corée du Sud,IPC,"10,80 %"
1968,Danemark,IPC,"8,12 %"
1968,Espagne,IPC,"4,98 %"
1968,Etats-Unis,IPC,"4,27 %"
1968,Finlande,IPC,"9,22 %"
1968,France,IPC,"4,54 %"
1968,Grèce,IPC,"0,16 %"
1968,Inde,IPC,"3,36 %"
1968,Indonésie,IPC,-
1968,Irlande,IPC,"4,76 %"
1968,Islande,IPC,"15,22 %"
1968,Italie,IPC,"1,28 %"
1968,Japon,IPC,"5,35 %"
1968,Luxembourg,IPC,"2,63 %"
1968,Norvège,IPC,"3,46 %"
1968,Pays-Bas,IPC,"3,72 %"
1968,Portugal,IPC,"6,13 %"
1968,Royaume-Uni,IPC,"4,69 %"
1968,Suède,IPC,"1,95 %"
1968,Suisse,IPC,"2,40 %"
1968,Turquie,IPC,"6,06 %"
1967,Afrique du Sud,IPC,"3,55 %"
1967,Allemagne,IPC,"1,80 %"
1967,Autriche,IPC,"3,98 %"
1967,Belgique,IPC,"2,73 %"
1967,Canada,IPC,"3,58 %"
1967,Corée du Sud,IPC,"10,92 %"
1967,Danemark,IPC,-
1967,Espagne,IPC,"6,39 %"
1967,Etats-Unis,IPC,"2,77 %"
1967,Finlande,IPC,"5,37 %"
1967,France,IPC,"2,79 %"
1967,Grèce,IPC,"1,86 %"
1967,Inde,IPC,"13,13 %"
1967,Irlande,IPC,"3,13 %"
1967,Islande,IPC,"3,39 %"
1967,Italie,IPC,"3,73 %"
1967,Japon,IPC,"3,99 %"
1967,Luxembourg,IPC,"2,17 %"
1967,Norvège,IPC,"4,58 %"
1967,Pays-Bas,IPC,"3,45 %"
1967,Portugal,IPC,"5,51 %"
1967,Royaume-Uni,IPC,"2,49 %"
1967,Suède,IPC,"4,29 %"
1967,Suisse,IPC,"4,01 %"
1967,Turquie,IPC,"14,01 %"
1966,Afrique du Sud,IPC,"3,49 %"
1966,Allemagne,IPC,"3,54 %"
1966,Autriche,IPC,"2,11 %"
1966,Belgique,IPC,"4,18 %"
1966,Canada,IPC,"3,82 %"
1966,Corée du Sud,IPC,"11,23 %"
1966,Espagne,IPC,"6,25 %"
1966,Etats-Unis,IPC,"3,01 %"
1966,Finlande,IPC,"3,87 %"
1966,France,IPC,"2,60 %"
1966,Grèce,IPC,"4,91 %"
1966,Inde,IPC,"10,77 %"
1966,Irlande,IPC,"2,98 %"
1966,Islande,IPC,"10,69 %"
1966,Italie,IPC,"2,35 %"
1966,Japon,IPC,"5,05 %"
1966,Luxembourg,IPC,"3,35 %"
1966,Norvège,IPC,"3,25 %"
1966,Pays-Bas,IPC,"5,77 %"
1966,Portugal,IPC,"5,04 %"
1966,Royaume-Uni,IPC,"3,91 %"
1966,Suède,IPC,"6,43 %"
1966,Suisse,IPC,"4,78 %"
1966,Turquie,IPC,"8,49 %"
1965,Afrique du Sud,IPC,"4,08 %"
1965,Allemagne,IPC,"3,24 %"
1965,Autriche,IPC,"4,91 %"
1965,Belgique,IPC,"4,07 %"
1965,Canada,IPC,"2,33 %"
1965,Corée du Sud,IPC,"13,67 %"
1965,Espagne,IPC,"13,32 %"
1965,Etats-Unis,IPC,"1,58 %"
1965,Finlande,IPC,"4,95 %"
1965,France,IPC,"2,70 %"
1965,Grèce,IPC,"3,22 %"
1965,Inde,IPC,"9,65 %"
1965,Irlande,IPC,"5,07 %"
1965,Islande,IPC,"7,36 %"
1965,Italie,IPC,"4,53 %"
1965,Japon,IPC,"6,66 %"
1965,Luxembourg,IPC,"3,33 %"
1965,Norvège,IPC,"4,20 %"
1965,Pays-Bas,IPC,"3,92 %"
1965,Portugal,IPC,"3,42 %"
1965,Royaume-Uni,IPC,"4,77 %"
1965,Suède,IPC,"5,00 %"
1965,Suisse,IPC,"3,41 %"
1965,Turquie,IPC,"4,56 %"
1964,Afrique du Sud,IPC,"2,53 %"
1964,Allemagne,IPC,"2,34 %"
1964,Autriche,IPC,"3,87 %"
1964,Belgique,IPC,"4,17 %"
1964,Canada,IPC,"1,91 %"
1964,Corée du Sud,IPC,"30,15 %"
1964,Espagne,IPC,"6,95 %"
1964,Etats-Unis,IPC,"1,28 %"
1964,Finlande,IPC,"10,28 %"
1964,France,IPC,"3,22 %"
1964,Grèce,IPC,"0,62 %"
1964,Inde,IPC,"13,27 %"
1964,Irlande,IPC,"6,72 %"
1964,Islande,IPC,"19,43 %"
1964,Italie,IPC,"5,91 %"
1964,Japon,IPC,"3,80 %"
1964,Luxembourg,IPC,"3,10 %"
1964,Norvège,IPC,"5,87 %"
1964,Pays-Bas,IPC,"5,83 %"
1964,Portugal,IPC,"3,46 %"
1964,Royaume-Uni,IPC,"3,28 %"
1964,Suède,IPC,"3,39 %"
1964,Suisse,IPC,"3,08 %"
1964,Turquie,IPC,"1,13 %"
1963,Afrique du Sud,IPC,"1,34 %"
1963,Allemagne,IPC,"2,97 %"
1963,Autriche,IPC,"2,72 %"
1963,Belgique,IPC,"2,15 %"
1963,Canada,IPC,"1,63 %"
1963,Corée du Sud,IPC,"20,55 %"
1963,Espagne,IPC,"8,79 %"
1963,Etats-Unis,IPC,"1,24 %"
1963,Finlande,IPC,"5,00 %"
1963,France,IPC,"5,00 %"
1963,Grèce,IPC,"3,19 %"
1963,Inde,IPC,"2,94 %"
1963,Irlande,IPC,"2,46 %"
1963,Islande,IPC,"12,87 %"
1963,Italie,IPC,"7,46 %"
1963,Japon,IPC,"6,71 %"
1963,Luxembourg,IPC,"2,87 %"
1963,Norvège,IPC,"2,49 %"
1963,Pays-Bas,IPC,"3,26 %"
1963,Portugal,IPC,"2,02 %"
1963,Royaume-Uni,IPC,"2,02 %"
1963,Suède,IPC,"2,87 %"
1963,Suisse,IPC,"3,44 %"
1963,Turquie,IPC,"6,37 %"
1962,Afrique du Sud,IPC,"1,25 %"
1962,Allemagne,IPC,"2,85 %"
1962,Autriche,IPC,"4,39 %"
1962,Belgique,IPC,"1,40 %"
1962,Canada,IPC,"1,06 %"
1962,Corée du Sud,IPC,"6,66 %"
1962,Espagne,IPC,"5,71 %"
1962,Etats-Unis,IPC,"1,20 %"
1962,Finlande,IPC,"4,38 %"
1962,France,IPC,"5,34 %"
1962,Grèce,IPC,"-0,47 %"
1962,Inde,IPC,"3,63 %"
1962,Irlande,IPC,"4,26 %"
1962,Islande,IPC,"11,06 %"
1962,Italie,IPC,"4,69 %"
1962,Japon,IPC,"6,87 %"
1962,Luxembourg,IPC,"0,90 %"
1962,Norvège,IPC,"5,28 %"
1962,Pays-Bas,IPC,"2,43 %"
1962,Portugal,IPC,"2,67 %"
1962,Royaume-Uni,IPC,"4,21 %"
1962,Suède,IPC,"4,76 %"
1962,Suisse,IPC,"4,32 %"
1962,Turquie,IPC,"3,90 %"
1961,Afrique du Sud,IPC,"2,10 %"
1961,Allemagne,IPC,"2,29 %"
1961,Autriche,IPC,"3,54 %"
1961,Belgique,IPC,"0,99 %"
1961,Canada,IPC,"1,02 %"
1961,Corée du Sud,IPC,"8,21 %"
1961,Espagne,IPC,"0,81 %"
1961,Etats-Unis,IPC,"1,07 %"
1961,Finlande,IPC,"1,70 %"
1961,France,IPC,"2,40 %"
1961,Grèce,IPC,"2,12 %"
1961,Inde,IPC,"1,69 %"
1961,Irlande,IPC,"2,76 %"
1961,Islande,IPC,"4,74 %"
1961,Italie,IPC,"2,05 %"
1961,Japon,IPC,"5,36 %"
1961,Luxembourg,IPC,"0,48 %"
1961,Norvège,IPC,"2,16 %"
1961,Pays-Bas,IPC,"1,32 %"
1961,Portugal,IPC,"1,55 %"
1961,Royaume-Uni,IPC,"3,44 %"
1961,Suède,IPC,"2,16 %"
1961,Suisse,IPC,"1,84 %"
1961,Turquie,IPC,"3,21 %"
1960,Afrique du Sud,IPC,"1,29 %"
1960,Allemagne,IPC,"1,54 %"
1960,Autriche,IPC,"1,96 %"
1960,Belgique,IPC,"0,30 %"
1960,Canada,IPC,"1,36 %"
1960,Corée du Sud,IPC,"8,00 %"
1960,Espagne,IPC,"1,18 %"
1960,Etats-Unis,IPC,"1,46 %"
1960,Finlande,IPC,"3,43 %"
1960,France,IPC,"4,14 %"
1960,Grèce,IPC,"1,48 %"
1960,Inde,IPC,"1,83 %"
1960,Irlande,IPC,"0,47 %"
1960,Islande,IPC,"2,02 %"
1960,Italie,IPC,"2,35 %"
1960,Japon,IPC,"3,58 %"
1960,Luxembourg,IPC,"0,45 %"
1960,Norvège,IPC,"0,36 %"
1960,Pays-Bas,IPC,-
1960,Portugal,IPC,"3,06 %"
1960,Royaume-Uni,IPC,"1,01 %"
1960,Suède,IPC,"4,14 %"
1960,Suisse,IPC,"1,44 %"
1960,Turquie,IPC,"5,99 %"
1959,Afrique du Sud,IPC,"1,22 %"
1959,Allemagne,IPC,"0,90 %"
1959,Autriche,IPC,"1,09 %"
1959,Belgique,IPC,"1,23 %"
1959,Canada,IPC,"1,21 %"
1959,Corée du Sud,IPC,"3,20 %"
1959,Espagne,IPC,"7,39 %"
1959,Etats-Unis,IPC,"1,01 %"
1959,Finlande,IPC,"1,45 %"
1959,France,IPC,"5,83 %"
1959,Grèce,IPC,"2,61 %"
1959,Inde,IPC,"4,61 %"
1959,Irlande,IPC,"0,01 %"
1959,Islande,IPC,"1,31 %"
1959,Italie,IPC,"-0,50 %"
1959,Japon,IPC,"1,08 %"
1959,Luxembourg,IPC,"0,39 %"
1959,Norvège,IPC,"2,33 %"
1959,Portugal,IPC,"1,04 %"
1959,Royaume-Uni,IPC,"0,59 %"
1959,Suède,IPC,"0,81 %"
1959,Suisse,IPC,"-0,65 %"
1959,Turquie,IPC,"26,88 %"
1958,Afrique du Sud,IPC,"3,47 %"
1958,Allemagne,IPC,"2,14 %"
1958,Autriche,IPC,-
1958,Belgique,IPC,"1,30 %"
1958,Canada,IPC,"2,37 %"
1958,Corée du Sud,IPC,"-3,19 %"
1958,Espagne,IPC,"13,40 %"
1958,Etats-Unis,IPC,"2,74 %"
1958,Finlande,IPC,"5,86 %"
1958,France,IPC,"15,35 %"
1958,Grèce,IPC,"1,40 %"
1958,Inde,IPC,"4,74 %"
1958,Irlande,IPC,"4,49 %"
1958,Islande,IPC,"5,81 %"
1958,Italie,IPC,"2,87 %"
1958,Japon,IPC,"-0,47 %"
1958,Luxembourg,IPC,"0,67 %"
1958,Norvège,IPC,"5,03 %"
1958,Portugal,IPC,"1,61 %"
1958,Royaume-Uni,IPC,"3,00 %"
1958,Suède,IPC,"4,40 %"
1958,Suisse,IPC,"1,85 %"
1958,Turquie,IPC,"12,32 %"
1957,Afrique du Sud,IPC,-
1957,Allemagne,IPC,"2,10 %"
1957,Belgique,IPC,"3,17 %"
1957,Canada,IPC,"3,32 %"
1957,Corée du Sud,IPC,"24,54 %"
1957,Espagne,IPC,"10,75 %"
1957,Etats-Unis,IPC,"3,34 %"
1957,Finlande,IPC,"11,32 %"
1957,France,IPC,"3,05 %"
1957,Grèce,IPC,"2,27 %"
1957,Inde,IPC,-
1957,Irlande,IPC,"4,12 %"
1957,Islande,IPC,"4,27 %"
1957,Italie,IPC,"1,32 %"
1957,Japon,IPC,"3,10 %"
1957,Luxembourg,IPC,"4,63 %"
1957,Norvège,IPC,"2,89 %"
1957,Portugal,IPC,"1,43 %"
1957,Royaume-Uni,IPC,"3,69 %"
1957,Suède,IPC,"4,32 %"
1957,Suisse,IPC,"1,97 %"
1957,Turquie,IPC,"11,70 %"
1956,Allemagne,IPC,"2,62 %"
1956,Belgique,IPC,"2,82 %"
1956,Canada,IPC,"1,35 %"
1956,Corée du Sud,IPC,"23,06 %"
1956,Espagne,IPC,"5,84 %"
1956,Etats-Unis,IPC,"1,52 %"
1956,Finlande,IPC,"11,62 %"
1956,France,IPC,"1,90 %"
1956,Grèce,IPC,"3,67 %"
1956,Irlande,IPC,"4,25 %"
1956,Islande,IPC,"10,09 %"
1956,Italie,IPC,"3,38 %"
1956,Japon,IPC,"0,40 %"
1956,Luxembourg,IPC,"0,58 %"
1956,Norvège,IPC,"3,80 %"
1956,Portugal,IPC,"3,21 %"
1956,Royaume-Uni,IPC,"5,00 %"
1956,Suède,IPC,"4,97 %"
1956,Suisse,IPC,"1,51 %"
1956,Turquie,IPC,"14,84 %"
